title,artist,csv_year,mb_year,mb_year_source,diff,spotify_track_id,spotify_match_name,spotify_match_artist,match_method,similarity_score,isrc,spotify_found,final_year
Boys - Summertime Love,Sabrina,1988,1988,fallback,0,1uI848raFaNWwe9HjHpjQ5,Boys - Summertime Love,Sabrina,playlist_import,,GBJUT1009950,true,1988
Bella Isola - Radio,Bata Illic,2003,2003,fallback,0,0tRdzXtsvcdVcUCvLYa6Ow,Bella Isola - Radio,Bata Illic,playlist_import,,DEQ090300067,true,2003
Lonely - Re-Recorded 2021,"Nana Darkman, Alexandra Prince",1997,1997,fallback,0,2XAuKwZuf3EPDo9GLfBDsB,Lonely - Re-Recorded 2021,"Nana Darkman, Alexandra Prince",playlist_import,,DEPI82101614,true,1997
Strandbikini,Club Honululu Itsy Bitsy Teenie Weenie Honolulu,2013,2013,fallback,0,1rvr5N1PGjoE7rsJZCdomp,Strandbikini,Club Honululu Itsy Bitsy Teenie Weenie Honolulu,playlist_import,,DEU241266207,true,2013
I.O.I.O. - Radio Edit,B 3,2002,2002,fallback,0,3b2lYcUl4Scnm4CnltLMvY,I.O.I.O. - Radio Edit,B 3,playlist_import,,DEPI82100993,true,2002
Dance Little Birdie,De Electronica's,1980,1980,fallback,0,5WIWTRAfxVY5mvRw4cdb0c,Dance Little Birdie,De Electronica's,playlist_import,,NLA342200075,true,1980
It's a Real Good Feeling,"Peter Kent, Luisa Fernandez",2000,2000,fallback,0,3k2F7ncBMqQOwAY29KiiPF,It's a Real Good Feeling,"Peter Kent, Luisa Fernandez",playlist_import,,AUXN22294751,true,2000
Chocolate (Choco Choco) - Single Version,Soul Control,2020,2020,fallback,0,3J5F2R62SIyivGUdebjR0O,Chocolate (Choco Choco) - Single Version,Soul Control,playlist_import,,DEA312007513,true,2020
Lambada - Original Version 1989,Kaoma,1989,1989,fallback,0,6xepovPqjvrkEw9Y5AMmTm,Lambada - Original Version 1989,Kaoma,playlist_import,,FR6V89602629,true,1989
Aloha-Ahe,Freddy Quinn,2013,2013,fallback,0,6oCNhDipqAForPCDGtTBQP,Aloha-Ahe,Freddy Quinn,playlist_import,,QMDA71378219,true,2013
Nossa Nossa (Ai Se Eu Te Pego) - Single Version,Ai Se Eu Te Pego Nossa Nossa,2012,2012,fallback,0,0ZX1AU9VjSVkzb8vro8PMU,Nossa Nossa (Ai Se Eu Te Pego) - Single Version,Ai Se Eu Te Pego Nossa Nossa,playlist_import,,DEY691200102,true,2012
Zwei Mädchen aus Germany,Paul Anka,2016,1964,musicbrainz,52,4ImlIOgbZtZbhY9AUSHpGm,Zwei Mädchen aus Germany,Paul Anka,playlist_import,,DEAR41617538,true,1964
American Pie - Single Version,Don McLean,2019,1971,musicbrainz,48,6lHTt7tzOzCcVaBf1CIQfR,American Pie - Single Version,Don McLean,playlist_import,,USEM39000209,true,1971
"Night Fever - From ""Saturday Night Fever"" Soundtrack",Bee Gees,2020,1977,musicbrainz,43,0qemIQjSxcKyf42VPfZnfa,"Night Fever - From ""Saturday Night Fever"" Soundtrack",Bee Gees,playlist_import,,NLF057790035,true,1977
Beautiful Sunday,Daniel Boone,2013,1972,musicbrainz,41,6DqNZJ4hhBYd8qj9WbpSTJ,Beautiful Sunday,Daniel Boone,playlist_import,,USV351317686,true,1972
Funkytown,Lipps Inc.,2018,1979,musicbrainz,39,37yIrMPeJYRm7zJ8rr3Uvv,Funkytown,Lipps Inc.,playlist_import,,USPR37902457,true,1979
A Horse With No Name,America,2011,1973,musicbrainz,38,3BCSIFo2mLFFhSsg0QwpPw,A Horse With No Name,America,playlist_import,,USCGH1180340,true,1973
Heart Of Gold,Neil Young,2010,1972,musicbrainz,38,5vd1QZ0tdXOExiegC55IAS,Heart Of Gold,Neil Young,playlist_import,,USRE19900182,true,1972
La Vie en rose,Grace Jones,2015,1977,musicbrainz,38,3hpa0c7IAnst3pdnZTXGXT,La Vie en rose,Grace Jones,playlist_import,,USIR27700004,true,1977
Rock Your Baby,George McCrae,2010,1974,musicbrainz,36,6pMHMzwTsWIxLigr54GGVm,Rock Your Baby,George McCrae,playlist_import,,GBAYE7400155,true,1974
Nutbush City Limits,Ike & Tina Turner,2008,1973,musicbrainz,35,06yREZ9X92R2e9RJpdzZ2O,Nutbush City Limits,Ike & Tina Turner,playlist_import,,USEM37300029,true,1973
Radar Love,Golden Earring,2008,1973,musicbrainz,35,4Zau4QvgyxWiWQ5KQrwL43,Radar Love,Golden Earring,playlist_import,,NLC287300054,true,1973
Let The Music Play,Barry White,2009,1975,musicbrainz,34,2sR6PY1YgPZTB8hZflRbFq,Let The Music Play,Barry White,playlist_import,,USIR20200274,true,1975
Volare,Domenico Modugno,2020,1987,musicbrainz,33,71hIekopkrYCGgggsBOpVG,Volare,Domenico Modugno,playlist_import,,DETL61621179,true,1987
SOS,ABBA,2008,1975,musicbrainz,33,5pMmWfuL0FTGshYt7HVJ8P,SOS,ABBA,playlist_import,,SEAYD7501040,true,1975
Sailing,Rod Stewart,1975,2008,musicbrainz,33,6OuRbvP4PgbuzBIapVzmFJ,Sailing,Rod Stewart,playlist_import,,USWB10807925,true,1975
Wann wird's mal wieder richtig Sommer,Rudi Carrell,2007,1975,musicbrainz,32,1JViGsU8CVY7j0o4coomDA,Wann wird's mal wieder richtig Sommer,Rudi Carrell,playlist_import,,DEF457500504,true,1975
The Safety Dance,Men Without Hats,2013,1982,musicbrainz,31,5O4NFbDqJ8SOfbjnIhdPDt,The Safety Dance,Men Without Hats,playlist_import,,GBBLG0200043,true,1982
Tom's Diner,"DNA, Suzanne Vega",2021,1990,musicbrainz,31,0mFIn4etymn4sDWNrERNJh,Tom's Diner,"DNA, Suzanne Vega",playlist_import,,USAM19104303,true,1990
Vamos a la Playa - 1983,Righeira,2012,1983,musicbrainz,29,3iB7lzsBC7PdJLU9k2nttT,Vamos a la Playa - 1983,Righeira,playlist_import,,IT0728300001,true,1983
Paloma Blanca,George Baker Selection,2003,1975,musicbrainz,28,37dPgiT3cY5XFbG3Ldq7zv,Paloma Blanca,George Baker Selection,playlist_import,,NLA279500913,true,1975
Santamaria,Oliver Onions,2008,1980,musicbrainz,28,3GYdFB1UtGEqKGlf6R80Nx,Santamaria,Oliver Onions,playlist_import,,DEA370801193,true,1980
Kung Fu Fighting,Carl Douglas,2001,1974,musicbrainz,27,40NRm1ZLvZpUSCUXAGGZ8J,Kung Fu Fighting,Carl Douglas,playlist_import,,GBAJE7400014,true,1974
Live Is Life (Digitally Remastered) - Single Version,Opus,2011,1984,musicbrainz,27,5luOvrlnzfvJQdQjrScVj4,Live Is Life (Digitally Remastered) - Single Version,Opus,playlist_import,,ATX141100001,true,1984
Sunshine Reggae,Laid Back,2008,1982,musicbrainz,26,0z0JSkE5Nw3i3nin3BBSuG,Sunshine Reggae,Laid Back,playlist_import,,DKABA0002801,true,1982
Holiday Rap - Version 1986,MC Miker & DJ Sven,2012,1986,musicbrainz,26,2wCgOxYof67qXam24a3pHz,Holiday Rap - Version 1986,MC Miker & DJ Sven,playlist_import,,NLE320400069,true,1986
Moonlight Shadow,Mike Oldfield,2009,1983,musicbrainz,26,4WpmwEdc4RBos8W8icSSxW,Moonlight Shadow,Mike Oldfield,playlist_import,,GBAAA8300001,true,1983
Summer In the City,Joe Cocker,2019,1994,musicbrainz,25,4JaAu7X4zqWols837Myn5X,Summer In the City,Joe Cocker,playlist_import,,USCA29400204,true,1994
Girl You Know It's True,Milli Vanilli,2013,1988,musicbrainz,25,0C7dYeCLF6ukChtW64UNge,Girl You Know It's True,Milli Vanilli,playlist_import,,DEC738800004,true,1988
Bailando,Loona,2020,1995,musicbrainz,25,0oxOXYVVZ7vDknU6kagLwO,Bailando,Loona,playlist_import,,NLJ2Y2000008,true,1995
So schmeckt der Sommer,Edward Reekers,2019,1995,musicbrainz,24,0ftIaUx27vc9K0ztdiZgHf,So schmeckt der Sommer,Edward Reekers,playlist_import,,DEF069516410,true,1995
Am Tag als Conny Kramer starb,Juliane Werding,1996,1972,musicbrainz,24,7kTHUVnGMMOHW1CLdgvzui,Am Tag als Conny Kramer starb,Juliane Werding,playlist_import,,DEC737100002,true,1972
Wunder gibt es immer wieder,Katja Ebstein,1994,1970,musicbrainz,24,68pun2nSn33MONTnLYKgpm,Wunder gibt es immer wieder,Katja Ebstein,playlist_import,,DEA817000006,true,1970
The Girl From Ipanema - Single Version,"Stan Getz, João Gilberto, Astrud Gilberto, Antônio Carlos Jobim",1964,1986,musicbrainz,22,4qGfJb2KByjvzrwo8HNibg,The Girl From Ipanema - Single Version,"Stan Getz, João Gilberto, Astrud Gilberto, Antônio Carlos Jobim",playlist_import,,USUMG0000425,true,1964
Like Ice in the Sunshine,Beagle Music,1985,2007,musicbrainz,22,0UNzSO6Ahn3MQ8izYLwc5K,Like Ice in the Sunshine,Beagle Music,playlist_import,,DEP551600193,true,1985
Don't Leave Me This Way,Thelma Houston,1998,1976,musicbrainz,22,4Af8yzidDPc520TFd4TmkE,Don't Leave Me This Way,Thelma Houston,playlist_import,,USMO17600547,true,1976
Music,John Miles,1998,1976,musicbrainz,22,2oXchyEBxQBe8vH6iFgbv0,Music,John Miles,playlist_import,,GBF077620010,true,1976
Flying Through the Air,Oliver Onions,1994,1973,musicbrainz,21,1PEZiGU255hLkwyn5CwHqj,Flying Through the Air,Oliver Onions,playlist_import,,DEH840501531,true,1973
Miss California - Radio Version,Dante Thomas,2021,2000,musicbrainz,21,7ct57a8zA6DTc8Cz2QIFIg,Miss California - Radio Version,Dante Thomas,playlist_import,,USEW20000324,true,2000
No Limit,2 Unlimited,2014,1993,musicbrainz,21,1hGvGM76KOX6tpAyaHB0au,No Limit,2 Unlimited,playlist_import,,BEAA19507007,true,1993
Get Busy,Sean Paul,2022,2002,musicbrainz,20,6bK9BH9Ts8Gj5JFvnQkzak,Get Busy,Sean Paul,playlist_import,,USAT20202575,true,2002
Reggae Night,Jimmy Cliff,2002,1983,musicbrainz,19,1OE5bn5HUmCqTLNpo13ya3,Reggae Night,Jimmy Cliff,playlist_import,,USSM19917309,true,1983
"Ella, elle l'a",France Gall,2005,1987,musicbrainz,18,6fyyO9wAmiW9oEAXrOR8jQ,"Ella, elle l'a",France Gall,playlist_import,,FRT198700050,true,1987
Sweat (A La La La La Long),Inner Circle,2010,1992,musicbrainz,18,1SssFw74DdHVjRa6ADggdD,Sweat (A La La La La Long),Inner Circle,playlist_import,,USA2P1004785,true,1992
Summer Wine,"Nancy Sinatra, Lee Hazlewood",1968,1986,musicbrainz,18,2JKRZGp4LwT9GGbcXtx2sw,Summer Wine,"Nancy Sinatra, Lee Hazlewood",playlist_import,,USASE0510168,true,1968
Ratzfatz nach Mallorca,Ibo,2017,2000,musicbrainz,17,6G2lRHL7CJjHEaf6AGK9Q5,Ratzfatz nach Mallorca,Ibo,playlist_import,,DEA760003101,true,2000
"The Cup of Life (La Copa De La Vida) [The Official Song of the World Cup, France '98][English]",Ricky Martin,2015,1998,musicbrainz,17,7aUCLXZ4D4UD5sCgIgxqjl,"The Cup of Life (La Copa De La Vida) [The Official Song of the World Cup, France '98][English]",Ricky Martin,playlist_import,,NLB639810008,true,1998
Gypsy Woman (She's Homeless) (La Da Dee La Da Da) - Radio Edit,Crystal Waters,2007,1991,musicbrainz,16,4UJ1AKSbXAbPlPVFe66wK7,Gypsy Woman (She's Homeless) (La Da Dee La Da Da) - Radio Edit,Crystal Waters,playlist_import,,USPR39102713,true,1991
Sugar Baby Love,The Rubettes,1990,1974,musicbrainz,16,294ii3rwz6bTJ2XMn5BDu0,Sugar Baby Love,The Rubettes,playlist_import,,GBAKW7400099,true,1974
Sweet Sixteen - Remastered 2001,Billy Idol,2001,1986,musicbrainz,15,3kyW3qviTr2dIyvqa1lEWC,Sweet Sixteen - Remastered 2001,Billy Idol,playlist_import,,USCH30100011,true,1986
Swing The Mood,Jive Bunny and the Mastermixers,2009,1994,musicbrainz,15,3Aimpqxpvmz7jhJlNnEd5c,Swing The Mood,Jive Bunny and the Mastermixers,playlist_import,,GBCMJ9905669,true,1994
Perdona,Tiziano Ferro,2016,2001,musicbrainz,15,4T3o83F13gwUaF0xCtAfNl,Perdona,Tiziano Ferro,playlist_import,,ITB920200002,true,2001
Yeah! (feat. Lil Jon & Ludacris),"USHER, Lil Jon, Ludacris",2018,2004,musicbrainz,14,0utLWSIbolqT7KyppMuxKY,Yeah! (feat. Lil Jon & Ludacris),"USHER, Lil Jon, Ludacris",playlist_import,,USAR10301423,true,2004
Country Roads (Dance Radio Version),Hermes House Band,2015,2001,musicbrainz,14,0yD9qeu9sM5HhKWzv8dZ5N,Country Roads (Dance Radio Version),Hermes House Band,playlist_import,,NLA910100123,true,2001
Ich bin der Martin 'ne,Diether Krebs,2005,1991,musicbrainz,14,2znqUPNy69gC4l5cC6CtAK,Ich bin der Martin 'ne,Diether Krebs,playlist_import,,DEG419900676,true,1991
Footloose,Kenny Loggins,1997,1984,musicbrainz,13,6W2VbtvMrDXm5vYeB7amkO,Footloose,Kenny Loggins,playlist_import,,USSM18400107,true,1984
Everybody,DJ BoBo,2006,1993,musicbrainz,13,4Kc0S6bWVeO7Q4SoMPAyX1,Everybody,DJ BoBo,playlist_import,,DEMI60600006,true,1993
Don't Stop,Fleetwood Mac,1988,1977,musicbrainz,11,6l6vgKIgXLnqgSMqf4nGNc,Don't Stop,Fleetwood Mac,playlist_import,,USWB19900180,true,1977
Suavemente,Elvis Crespo,2008,1998,musicbrainz,10,1YwPNemawMgGe6sF4U0FTE,Suavemente,Elvis Crespo,playlist_import,,USSD19700576,true,1998
Hey Baby (Radio Mix),DJ Ötzi,2010,2000,musicbrainz,10,0HNXnhNZZtRZFLhP4hfyCP,Hey Baby (Radio Mix),DJ Ötzi,playlist_import,,ATHE51081010,true,2000
Barbara Ann,The Beach Boys,1975,1965,musicbrainz,10,2KOt2JrCB720UxIbyzweQo,Barbara Ann,The Beach Boys,playlist_import,,USCA28600057,true,1965
All Night Long (All Night) - Single Version,Lionel Richie,1992,1983,musicbrainz,9,4czNORk5MjW5WOn98bki32,All Night Long (All Night) - Single Version,Lionel Richie,playlist_import,,USMO18390005,true,1983
Mama Loo,Les Humphries Singers,1982,1973,musicbrainz,9,3Y37ytfQDMp2KTA1SG9bpl,Mama Loo,Les Humphries Singers,playlist_import,,DEA619351680,true,1973
Macarena,Los Del Rio,2002,1993,musicbrainz,9,6mhw2fEPH4fMF0wolNm96e,Macarena,Los Del Rio,playlist_import,,ES5109500538,true,1993
Be My Lover,La Bouche,2003,1994,musicbrainz,9,3vSn1frPgFcRXrjWOfhMLl,Be My Lover,La Bouche,playlist_import,,DED160200012,true,1994
What A Feeling,Irene Cara,2007,1998,musicbrainz,9,0aAR5HogGoT68EWFbyRFqx,What A Feeling,Irene Cara,playlist_import,,USA560619873,true,1998
No Doubt About It,Hot Chocolate,1987,1980,musicbrainz,7,1XcyciZOU2UcFgvSlFazeW,No Doubt About It,Hot Chocolate,playlist_import,,GBAYE8000032,true,1980
"I'll Be Missing You (feat. Faith Evans, 112)","Diddy, Faith Evans, 112",2004,1997,musicbrainz,7,3QHONiXGMGU3z68mQInncF,"I'll Be Missing You (feat. Faith Evans, 112)","Diddy, Faith Evans, 112",playlist_import,,USBB40581044,true,1997
Cose Della Vita (with Tina Turner),"Eros Ramazzotti, Tina Turner",2004,1997,musicbrainz,7,2bJtJv5NGkYUFP6prU3WSg,Cose Della Vita (with Tina Turner),"Eros Ramazzotti, Tina Turner",playlist_import,,ITB009700361,true,1997
Backseat of Your Cadillac - Single Version,C.C. Catch,2018,2025,musicbrainz,7,08ELdy0Y3kHX59SR5qy69z,Backseat of Your Cadillac - Single Version,C.C. Catch,playlist_import,,DEH820500223,true,2025
Akropolis Adieu,Mireille Mathieu,1976,1971,musicbrainz,5,5mmuzYKRWwpgsUNxhMg2ZW,Akropolis Adieu,Mireille Mathieu,playlist_import,,DEC717100002,true,1971
Played-A-Live (The Bongo Song) - Radio Edit,Safri Duo,2005,2000,musicbrainz,5,2MDdh4rbNNBiy8l6XgI6E9,Played-A-Live (The Bongo Song) - Radio Edit,Safri Duo,playlist_import,,DKBKA0001601,true,2000
Mr. Saxobeat,Alexandra Stan,2016,2011,musicbrainz,5,2BTSWfjaTMYWCxhmVRhqLK,Mr. Saxobeat,Alexandra Stan,playlist_import,,ROCRP1002864,true,2011
Butterfly,Danyel Gerard,1975,1970,musicbrainz,5,72rLswhYvQz9LRx3LogMIW,Butterfly,Danyel Gerard,playlist_import,,FRZ087500010,true,1970
Evacuate the Dancefloor,Cascada,2012,2008,musicbrainz,4,4Zfq7r0v4FKeoxwhyLYSyb,Evacuate the Dancefloor,Cascada,playlist_import,,DEHK90911301,true,2008
Axel F,Harold Faltermeyer,1988,1984,musicbrainz,4,2kgqupahrJpYB4r1poTXEY,Axel F,Harold Faltermeyer,playlist_import,,USMC18416586,true,1984
Baila Me,Gipsy Kings,1991,1988,musicbrainz,3,06HRc41zK97Hh9AcuyXVZn,Baila Me,Gipsy Kings,playlist_import,,GBARL0700383,true,1988
Summer Jam 2003 - DJ F.R.A.N.K's Summermix Short,The Underdog Project,2000,2003,musicbrainz,3,78Mqt7lWuaxVhN0ZptsuCY,Summer Jam 2003 - DJ F.R.A.N.K's Summermix Short,The Underdog Project,playlist_import,,DEN060401576,true,2003
Voyage voyage,Desireless,1989,1986,musicbrainz,3,2d8D7uk3tbAThjRkdfrx9c,Voyage voyage,Desireless,playlist_import,,DEQ858600201,true,1986
Ain't Nobody (Loves Me Better) (feat. Jasmine Thompson),"felix jaehn, Jasmine Thompson",2018,2015,musicbrainz,3,3c8iiZGfEammKJuWTErE5x,Ain't Nobody (Loves Me Better) (feat. Jasmine Thompson),"felix jaehn, Jasmine Thompson",playlist_import,,DEUM71500425,true,2015
Welcome to St. Tropez - DJ Antoine vs. Mad Mark Radio Edit,"DJ Antoine, Timati, Kalenna, Mad Mark",2011,2008,musicbrainz,3,5QIG1kl6klZIy0Lu67XNYJ,Welcome to St. Tropez - DJ Antoine vs. Mad Mark Radio Edit,"DJ Antoine, Timati, Kalenna, Mad Mark",playlist_import,,DEN061101459,true,2008
Mysterious Girl - Radio Edit,Peter Andre,1997,1995,musicbrainz,2,3CiM7fBGbaP6jiyuH2Ot4j,Mysterious Girl - Radio Edit,Peter Andre,playlist_import,,GBAHS0400990,true,1995
California Gurls,"Katy Perry, Snoop Dogg",2012,2010,musicbrainz,2,6tS3XVuOyu10897O3ae7bi,California Gurls,"Katy Perry, Snoop Dogg",playlist_import,,USCA21001135,true,2010
I Feel Love,Donna Summer,1979,1977,musicbrainz,2,3x0wa95iAU1ZMmf3yAQkjZ,I Feel Love,Donna Summer,playlist_import,,USWWW0125612,true,1977
Un'Estate Italiana (Notti Magiche) - Stadio Version,"Gianna Nannini, Edoardo Bennato",1987,1989,musicbrainz,2,50jCUPNEHtmLfK6PQzcnOH,Un'Estate Italiana (Notti Magiche) - Stadio Version,"Gianna Nannini, Edoardo Bennato",playlist_import,,ITZ049900408,true,1989
Lush Life,Zara Larsson,2017,2015,musicbrainz,2,1rIKgCH4H52lrvDcz50hS8,Lush Life,Zara Larsson,playlist_import,,SEWEE1500509,true,2015
It Feels So Good,Sonique,2000,1998,musicbrainz,2,4Y8q64VnhD0vFYy9g2WFpi,It Feels So Good,Sonique,playlist_import,,USUR10300602,true,1998
I Know You Want Me (Calle Ocho),Pitbull,2009,2007,musicbrainz,2,5RzFJd6W40SDTyZkX6xx45,I Know You Want Me (Calle Ocho),Pitbull,playlist_import,,USJAY0900144,true,2007
Despacito,"Luis Fonsi, Daddy Yankee",2019,2017,musicbrainz,2,6habFhsOp2NvshLv26DqMb,Despacito,"Luis Fonsi, Daddy Yankee",playlist_import,,USUM71607007,true,2017
"I'll Be There for You (Theme from ""Friends')",The Rembrandts,1995,1997,musicbrainz,2,1lfjTOtTRUDkzcmahA4lcs,"I'll Be There for You (Theme from ""Friends')",The Rembrandts,playlist_import,,USEE10900777,true,1997
"Zeit, dass sich was dreht - Deutsche Version","Herbert Grönemeyer, Amadou, Mariam",2008,2006,musicbrainz,2,2ln6685JphEqCJYclkusqW,"Zeit, dass sich was dreht - Deutsche Version","Herbert Grönemeyer, Amadou, Mariam",playlist_import,,DEC610800606,true,2006
Israelites,Desmond Dekker,1968,1966,musicbrainz,2,0di7hMT6o1ogeUN1XDB9Ft,Israelites,Desmond Dekker,playlist_import,,GBAJE6800413,true,1966
Sun of Jamaica,Goombay Dance Band,1980,1979,musicbrainz,1,5apwlmvQphkCJbHnMGUP2t,Sun of Jamaica,Goombay Dance Band,playlist_import,,DEK897900010,true,1979
"Boom, Boom, Boom, Boom!!",Vengaboys,1999,1998,musicbrainz,1,5N6M8yDiMV32T6Rkzh8EbW,"Boom, Boom, Boom, Boom!!",Vengaboys,playlist_import,,NLC529811150,true,1998
Alors on danse - Radio Edit,Stromae,2010,2009,musicbrainz,1,2GYHyAoLWpkxLVa4oYTVko,Alors on danse - Radio Edit,Stromae,playlist_import,,FRUM70902424,true,2009
Lessons In Love,Level 42,1987,1986,musicbrainz,1,3EGI5qmVmGlfgy9BmNb1R8,Lessons In Love,Level 42,playlist_import,,GBAKW8601003,true,1986
Happy Together,The Turtles,1967,1966,musicbrainz,1,1JO1xLtVc8mWhIoE3YaCL0,Happy Together,The Turtles,playlist_import,,USA560587940,true,1966
La Bamba - Single Version,Ritchie Valens,1959,1958,musicbrainz,1,2aEeghgUcnu75tzcolFMfs,La Bamba - Single Version,Ritchie Valens,playlist_import,,USRH10402003,true,1958
Balada,Gusttavo Lima,2012,2011,musicbrainz,1,6d63QA85w4FXhlXYtz7nco,Balada,Gusttavo Lima,playlist_import,,USA561215539,true,2011
The Shoop Shoop Song (It's In His Kiss),Cher,1991,1990,musicbrainz,1,5oV1YjM2rtyZ55txHHsFUu,The Shoop Shoop Song (It's In His Kiss),Cher,playlist_import,,USGF19031001,true,1990
Samba de Janeiro - Radio Edit,Bellini,1997,1996,musicbrainz,1,4YopUHLBgDj3l17HYm2OoX,Samba de Janeiro - Radio Edit,Bellini,playlist_import,,DEG129700451,true,1996
So Am I,Ava Max,2020,2019,musicbrainz,1,2Xnv3GntqbBH1juvUYSpHG,So Am I,Ava Max,playlist_import,,USAT21900569,true,2019
It's My Life,Dr. Alban,1992,1991,musicbrainz,1,4539Tbm6Rt5BaNKXJJj9RH,It's My Life,Dr. Alban,playlist_import,,DEA819200287,true,1991
The Rhythm of the Night,Corona,1994,1993,musicbrainz,1,0ofMkI3jzmGCElAOgOLeo3,The Rhythm of the Night,Corona,playlist_import,,ITA199800041,true,1993
Seasons in the Sun,Terry Jacks,1974,1973,musicbrainz,1,7pGMRy91RcQT9oHdPgYz3A,Seasons in the Sun,Terry Jacks,playlist_import,,USAR17400171,true,1973
Tacata,Tacabro,2013,2012,musicbrainz,1,6EhPXpRYkwGwg8lx3XiGTI,Tacata,Tacabro,playlist_import,,ITV951100211,true,2012
Nevermind,Dennis Lloyd,2017,2016,musicbrainz,1,63SevszngYpZOwf63o61K4,Nevermind,Dennis Lloyd,playlist_import,,USHM91642610,true,2016
Cake By The Ocean,DNCE,2016,2015,musicbrainz,1,76hfruVvmfQbw0eYn1nmeC,Cake By The Ocean,DNCE,playlist_import,,USUM71514637,true,2015
Ab in den Süden - Neuaufnahme,Buddy,2014,2015,musicbrainz,1,2XQ00wanrsQOL9djhTQEEY,Ab in den Süden - Neuaufnahme,Buddy,playlist_import,,DEZ921300172,true,2015
Stole the Show,"Kygo, Parson James",2016,2015,musicbrainz,1,5masKPHeAOVNgxdLebIcK7,Stole the Show,"Kygo, Parson James",playlist_import,,SEBGA1500071,true,2015
In My Mind,"Dynoro, Gigi D'Agostino",2018,2017,musicbrainz,1,0E9ZjEAyAwOXZ7wJC0PD33,In My Mind,"Dynoro, Gigi D'Agostino",playlist_import,,QZ22B1859046,true,2017
La Camisa Negra,Juanes,2005,2004,musicbrainz,1,0sUWZTmLTZj21G6dmlsJlj,La Camisa Negra,Juanes,playlist_import,,USUL10400965,true,2004
Call Me Maybe,Carly Rae Jepsen,2012,2011,musicbrainz,1,20I6sIOMTCkB6w7ryavxtO,Call Me Maybe,Carly Rae Jepsen,playlist_import,,CAB391100615,true,2011
Blue (Da Ba Dee) - Gabry Ponte Ice Pop Radio,"Eiffel 65, Gabry Ponte",1999,1998,musicbrainz,1,2yAVzRiEQooPEJ9SYx11L3,Blue (Da Ba Dee) - Gabry Ponte Ice Pop Radio,"Eiffel 65, Gabry Ponte",playlist_import,,ITT019810102,true,1998
Crazy,"Gnarls Barkley, CeeLo Green, Danger Mouse",2007,2006,musicbrainz,1,1vxw6aYJls2oq3gW0DujAo,Crazy,"Gnarls Barkley, CeeLo Green, Danger Mouse",playlist_import,,GBAHT0600202,true,2006
Aicha,Outlandish,2003,2002,musicbrainz,1,5g7rz8nma2gAaEBHlvT68N,Aicha,Outlandish,playlist_import,,DKADG0201504,true,2002
Looking for Freedom,David Hasselhoff,1989,1988,musicbrainz,1,1eMhNaN4a92qoidBbkQCmG,Looking for Freedom,David Hasselhoff,playlist_import,,DEC718900010,true,1988
We're Going To Ibiza!,Vengaboys,1999,1998,musicbrainz,1,6trzHhvr6xqYJkNnbWwXz2,We're Going To Ibiza!,Vengaboys,playlist_import,,NLC529811170,true,1998
Tarzan Boy,Baltimora,1985,1984,musicbrainz,1,273uCXd7NPrInaiNqtkOrA,Tarzan Boy,Baltimora,playlist_import,,ITD008500001,true,1984
When Love Takes Over (feat. Kelly Rowland),"David Guetta, Kelly Rowland",2010,2009,musicbrainz,1,1hRFVIy9As8OVRk8B7CrD5,When Love Takes Over (feat. Kelly Rowland),"David Guetta, Kelly Rowland",playlist_import,,FRZID0900200,true,2009
Walking On Sunshine,Katrina & The Waves,1985,1985,musicbrainz,0,05wIrZSwuaVWhcv5FfqeH0,Walking On Sunshine,Katrina & The Waves,playlist_import,,USCA28500452,true,1985
Perfect,Fairground Attraction,1988,1988,musicbrainz,0,2X90tKH59XlulLjbT4vci1,Perfect,Fairground Attraction,playlist_import,,GBARL8800011,true,1988
Have You Ever Seen The Rain,Creedence Clearwater Revival,1970,1970,musicbrainz,0,2LawezPeJhN4AWuSB0GtAU,Have You Ever Seen The Rain,Creedence Clearwater Revival,playlist_import,,USC4R0817643,true,1970
Je ne parle pas français,Namika,2018,2018,musicbrainz,0,4eJqzRN15DabYK4byfWghD,Je ne parle pas français,Namika,playlist_import,,DEE861800295,true,2018
One Dance,"Drake, Wizkid, Kyla",2016,2016,musicbrainz,0,1zi7xx7UVEFkmKfv06H8x0,One Dance,"Drake, Wizkid, Kyla",playlist_import,,USCM51600028,true,2016
Vayamos compañeros - Radio Edit,Marquess,2007,2007,musicbrainz,0,6LTAv2W4zYWM5rSKdgHWZS,Vayamos compañeros - Radio Edit,Marquess,playlist_import,,DEA620700217,true,2007
MMMBop,Hanson,1997,1997,musicbrainz,0,0lnxrQAd9ZxbhBBe7d8FO8,MMMBop,Hanson,playlist_import,,USMR19786791,true,1997
High,Lighthouse Family,1997,1997,musicbrainz,0,0AQHfKjzky28rf5ytfBANJ,High,Lighthouse Family,playlist_import,,GBALS9700072,true,1997
Shut Up (And Sleep With Me) [Original Airplay Mix],Sin With Sebastian,1995,1995,musicbrainz,0,0fXy5mDtuSBtBMkNtAUhG6,Shut Up (And Sleep With Me) [Original Airplay Mix],Sin With Sebastian,playlist_import,,usx9p1318548,true,1995
Summertime,DJ Jazzy Jeff & The Fresh Prince,1991,1991,musicbrainz,0,20XdEFyaUR9C7aDIdq2OAd,Summertime,DJ Jazzy Jeff & The Fresh Prince,playlist_import,,USJI19100002,true,1991
I Gotta Feeling,Black Eyed Peas,2009,2009,musicbrainz,0,4kLLWz7srcuLKA7Et40PQR,I Gotta Feeling,Black Eyed Peas,playlist_import,,USUM70965169,true,2009
The Look,Roxette,1988,1988,musicbrainz,0,2oWMI54r0qT4N8Xb4C76vq,The Look,Roxette,playlist_import,,SEAME8878010,true,1988
Breaking Me,"Topic, A7S",2019,2019,musicbrainz,0,3H7ihDc1dqLriiWXwsc2po,Breaking Me,"Topic, A7S",playlist_import,,DEUM71906724,true,2019
Here Comes The Sun - Remastered 2009,The Beatles,1969,1969,musicbrainz,0,6dGnYIeXmHdcikdzNNDMm2,Here Comes The Sun - Remastered 2009,The Beatles,playlist_import,,GBAYE0601696,true,1969
Eine Woche wach,Mickie Krause,2019,2019,musicbrainz,0,6aRlZoOO6dqXQtqq2wiQZ1,Eine Woche wach,Mickie Krause,playlist_import,,DEUM71901939,true,2019
Was du Liebe nennst,Bausa,2017,2017,musicbrainz,0,4hKWUzhQWsOkgT6LnDEASe,Was du Liebe nennst,Bausa,playlist_import,,DEA621702378,true,2017
How Deep Is Your Love,"Calvin Harris, Disciples",2015,2015,musicbrainz,0,22mek4IiqubGD9ctzxc69s,How Deep Is Your Love,"Calvin Harris, Disciples",playlist_import,,GBARL1500704,true,2015
Lady Marmalade - Single Edit,"Christina Aguilera, Lil' Kim, Mýa, P!nk",2001,2001,musicbrainz,0,0PSZ9G584Ve27GK6ThlY6P,Lady Marmalade - Single Edit,"Christina Aguilera, Lil' Kim, Mýa, P!nk",playlist_import,,USUM72206801,true,2001
Loco Contigo (feat. J. Balvin & Tyga),"DJ Snake, J Balvin, Tyga",2019,2019,musicbrainz,0,6osaMSJh9NguagEDQcZaKx,Loco Contigo (feat. J. Balvin & Tyga),"DJ Snake, J Balvin, Tyga",playlist_import,,USUG11901580,true,2019
Alles neu,Peter Fox,2008,2008,musicbrainz,0,5hqxBvQJ3XJDSbxT9vyyqA,Alles neu,Peter Fox,playlist_import,,DEA620800706,true,2008
World In Our Hands,Taio Cruz,2011,2011,musicbrainz,0,79xJXZeudmfMq4ay9yCFGd,World In Our Hands,Taio Cruz,playlist_import,,GBUM71109576,true,2011
New York-Rio-Tokyo,Trio Rio,1986,1986,musicbrainz,0,68h3Um0UOY8FkMfcelv4Vb,New York-Rio-Tokyo,Trio Rio,playlist_import,,DEHA68600002,true,1986
All I Wanna Do,Sheryl Crow,1993,1993,musicbrainz,0,3ZpQiJ78LKINrW9SQTgbXd,All I Wanna Do,Sheryl Crow,playlist_import,,USAM19300013,true,1993
River,Tom Gregory,2021,2021,musicbrainz,0,5nD2zmNcN7jZ1lrdj4ZVxX,River,Tom Gregory,playlist_import,,DEN062100149,true,2021
Wavin' Flag,K'NAAN,2009,2009,musicbrainz,0,20Vs0dtWsL7eZ87YAvubJj,Wavin' Flag,K'NAAN,playlist_import,,USUM70951245,true,2009
Could You Be Loved,Bob Marley & The Wailers,1980,1980,musicbrainz,0,5O4erNlJ74PIF6kGol1ZrC,Could You Be Loved,Bob Marley & The Wailers,playlist_import,,USIR28000016,true,1980
Take Me Tonight,Alexander Klaws,2003,2003,musicbrainz,0,2lWLGJ0C4vCi8EmNAvzzzm,Take Me Tonight,Alexander Klaws,playlist_import,,DEC730300065,true,2003
United (feat. Marky Mark) - Radio Edit,"Prince Ital Joe, Marky Mark",1994,1994,musicbrainz,0,0f3cKxB4avKAHNgucJ6S9O,United (feat. Marky Mark) - Radio Edit,"Prince Ital Joe, Marky Mark",playlist_import,,DEA619450270,true,1994
Faded Love,Leony,2021,2021,musicbrainz,0,0HzHUF33G1dPmd2eNULyfa,Faded Love,Leony,playlist_import,,DEN062004998,true,2021
La La La,"Naughty Boy, Sam Smith",2013,2013,musicbrainz,0,3wPPWcVuinAU7dXcJXtCID,La La La,"Naughty Boy, Sam Smith",playlist_import,,GBAAA1300148,true,2013
Fresh,Kool & The Gang,1984,1984,musicbrainz,0,1mMYaXpT65iZDtvfRA9EkE,Fresh,Kool & The Gang,playlist_import,,USUMG0000175,true,1984
Helden 2008,Revolverheld,2008,2008,musicbrainz,0,4iyshfXSQnB0yhQr4Uoyqp,Helden 2008,Revolverheld,playlist_import,,DEA810800202,true,2008
Sofia,Alvaro Soler,2016,2016,musicbrainz,0,5vj59ONIVbyhcrI8ZSwoRo,Sofia,Alvaro Soler,playlist_import,,DEUM71601055,true,2016
Cruisen,Massive Töne,2002,2002,musicbrainz,0,6e5kuZssmkwWL3Yt4jwTRy,Cruisen,Massive Töne,playlist_import,,DEA610200332,true,2002
This Girl (Kungs Vs. Cookin' On 3 Burners),"Kungs, Cookin' On 3 Burners",2016,2016,musicbrainz,0,1A8j067qyiNwQnZT0bzUpZ,This Girl (Kungs Vs. Cookin' On 3 Burners),"Kungs, Cookin' On 3 Burners",playlist_import,,FR9W11601798,true,2016
Baker Street,Gerry Rafferty,1978,1978,musicbrainz,0,5gOd6zDC8vhlYjqbQdJVWP,Baker Street,Gerry Rafferty,playlist_import,,GBAYE7800619,true,1978
I Want To Break Free,Queen,2018,2018,musicbrainz,0,7iAqvWLgZzXvH38lA06QZg,I Want To Break Free,Queen,playlist_import,,GBUM71805978,true,2018
"CAN'T STOP THE FEELING! (from DreamWorks Animation's ""TROLLS"")",Justin Timberlake,2016,2016,musicbrainz,0,0x93VOS1AOKUgJkZjcG1sh,"CAN'T STOP THE FEELING! (from DreamWorks Animation's ""TROLLS"")",Justin Timberlake,playlist_import,,USRC11600876,true,2016
Wake Me Up,Avicii,2013,2013,musicbrainz,0,0nrRP2bk19rLc0orkWPQk2,Wake Me Up,Avicii,playlist_import,,SEUM71301326,true,2013
Hollaback Girl,Gwen Stefani,2004,2004,musicbrainz,0,0LzrhCZFXW94Y8nwtTuRlw,Hollaback Girl,Gwen Stefani,playlist_import,,USIR10400847,true,2004
Where Do You Go,No Mercy,1996,1996,musicbrainz,0,37tzoWY1ubBQKGXiWdO5Qv,Where Do You Go,No Mercy,playlist_import,,DED169600128,true,1996
Whatever,CRO,2013,2013,musicbrainz,0,2jEM4UBJxs98Uf4NEe48iD,Whatever,CRO,playlist_import,,DEW921300229,true,2013
Get Lucky (Radio Edit) [feat. Pharrell Williams and Nile Rodgers],"Daft Punk, Pharrell Williams, Nile Rodgers",2013,2013,musicbrainz,0,2Foc5Q5nqNiosCNqttzHof,Get Lucky (Radio Edit) [feat. Pharrell Williams and Nile Rodgers],"Daft Punk, Pharrell Williams, Nile Rodgers",playlist_import,,USQX91300809,true,2013
Venus,Bananarama,1986,1986,musicbrainz,0,4XX1pFUkQOZTYp6Hb6a6Ae,Venus,Bananarama,playlist_import,,GBAAP9600095,true,1986
Pump Up The Jam,Technotronic,1989,1989,musicbrainz,0,21qnJAMtzC6S5SESuqQLEK,Pump Up The Jam,Technotronic,playlist_import,,BED018901375,true,1989
Heat Waves,Glass Animals,2020,2020,musicbrainz,0,3USxtqRwSYz57Ewm6wWRMp,Heat Waves,Glass Animals,playlist_import,,GBUM72000433,true,2020
Conga!,"Miami Sound Machine, Gloria Estefan",1985,1985,musicbrainz,0,3FdHgoJbH3DXNtGLh56pFu,Conga!,"Miami Sound Machine, Gloria Estefan",playlist_import,,USSM10026825,true,1985
Weekend,Earth & Fire,1979,1979,musicbrainz,0,1bZr5vH0cfmKu5ODpD0DEO,Weekend,Earth & Fire,playlist_import,,NLC287900009,true,1979
Love Is You - Radio Version,Thomas Godoj,2008,2008,musicbrainz,0,0ydk0oiUuGNyeUFeWlkjUS,Love Is You - Radio Version,Thomas Godoj,playlist_import,,DEE860800369,true,2008
People Everyday,Arrested Development,1992,1992,musicbrainz,0,6JvodgYcsthsORxPsEYUoe,People Everyday,Arrested Development,playlist_import,,USCH39200007,true,1992
Sucker,Jonas Brothers,2019,2019,musicbrainz,0,22vgEDb5hykfaTwLuskFGD,Sucker,Jonas Brothers,playlist_import,,USUG11900515,true,2019
Let's Get Loud,Jennifer Lopez,1999,1999,musicbrainz,0,42nSaPdT6g3ZIMHmKLlP2p,Let's Get Loud,Jennifer Lopez,playlist_import,,USSM19900597,true,1999
One Kiss (with Dua Lipa),"Calvin Harris, Dua Lipa",2018,2018,musicbrainz,0,7ef4DlsgrMEH11cDZd32M6,One Kiss (with Dua Lipa),"Calvin Harris, Dua Lipa",playlist_import,,GBARL1800368,true,2018
Mambo No. 5 (a Little Bit of...),Lou Bega,1999,1999,musicbrainz,0,6x4tKaOzfNJpEJHySoiJcs,Mambo No. 5 (a Little Bit of...),Lou Bega,playlist_import,,DEH259900010,true,1999
Talkin' Bout a Revolution,Tracy Chapman,1988,1988,musicbrainz,0,0YMFcrMtBowDdD5bPz0cgy,Talkin' Bout a Revolution,Tracy Chapman,playlist_import,,USEE10100547,true,1988
Sonic Empire - Short Mix,Members Of Mayday,1997,1997,musicbrainz,0,19iYbGg080uoVvudEvrN43,Sonic Empire - Short Mix,Members Of Mayday,playlist_import,,DEE199700014,true,1997
Senza Una Donna,Zucchero,1987,1987,musicbrainz,0,3ShEGKdskF0ke7iW2u9gjD,Senza Una Donna,Zucchero,playlist_import,,IT9008701810,true,1987
Coco Jamboo,Mr. President,1996,1996,musicbrainz,0,5fRvePkRGdpn2nKacG7I6d,Coco Jamboo,Mr. President,playlist_import,,DEBS80500020,true,1996
"Never Leave You (Uh Oooh, Uh Oooh)",Lumidee,2003,2003,musicbrainz,0,1AjQE5MtP5jHQMyDepbvLI,"Never Leave You (Uh Oooh, Uh Oooh)",Lumidee,playlist_import,,USUR10300367,true,2003
Ö La Palöma - Radio Edit,Ö La Palöma Boys,1999,1999,musicbrainz,0,6JUhYg1RCDoEkBDoX9eDQL,Ö La Palöma - Radio Edit,Ö La Palöma Boys,playlist_import,,DEQ989900065,true,1999
Jetzt oder nie,Maite Kelly,2016,2016,musicbrainz,0,5Q5mE6WAW410uleWj0Qjz7,Jetzt oder nie,Maite Kelly,playlist_import,,DEUM71602757,true,2016
Umbrella - Radio Edit,"Rihanna, JAŸ-Z",2007,2007,musicbrainz,0,113v1MA9MTShy98uCz37nO,Umbrella - Radio Edit,"Rihanna, JAŸ-Z",playlist_import,,USUM70731242,true,2007
Stop! In The Name Of Love,The Supremes,1965,1965,musicbrainz,0,52FlwUMMDnTK8TGkCag9Jd,Stop! In The Name Of Love,The Supremes,playlist_import,,USMO16500288,true,1965
The Ketchup Song (Aserejé) - Spanglish Version,Las Ketchup,2002,2002,musicbrainz,0,6UEfyhyfhYQsyipxOd95Ie,The Ketchup Song (Aserejé) - Spanglish Version,Las Ketchup,playlist_import,,ES5110204224,true,2002
"Rocket Man (I Think It's Going To Be A Long, Long Time)",Elton John,1972,1972,musicbrainz,0,3gdewACMIVMEWVbyb8O9sY,"Rocket Man (I Think It's Going To Be A Long, Long Time)",Elton John,playlist_import,,GBAMB7200006,true,1972
Dance The Night,Dua Lipa,2023,2023,musicbrainz,0,11C4y2Yz1XbHmaQwO06s9f,Dance The Night,Dua Lipa,playlist_import,,USAT22305730,true,2023
One Night Stand,Capital Bra,2018,2018,musicbrainz,0,4i2DmyVwf29lEdmLGNTyGM,One Night Stand,Capital Bra,playlist_import,,DEWS21700051,true,2018
Sunny,Bobby Hebb,1966,1966,musicbrainz,0,4vju55Ag7apDL2CfotuE7Q,Sunny,Bobby Hebb,playlist_import,,USPR39402093,true,1966
Ti Amo,Pietro Lombardi,2021,2021,musicbrainz,0,2vlXmglKhzSlV5XJgPzjnx,Ti Amo,Pietro Lombardi,playlist_import,,DEUM72115879,true,2021
Spirit In The Sky - Deluxe Edition,Norman Greenbaum,1969,1969,musicbrainz,0,0jvN7eQJJt4nxQzgQfZ1SP,Spirit In The Sky - Deluxe Edition,Norman Greenbaum,playlist_import,,USRE19600416,true,1969
Stadt,"Cassandra Steen, Adel Tawil",2009,2009,musicbrainz,0,6nE5RgNaFN5E5bpXeH2z9M,Stadt,"Cassandra Steen, Adel Tawil",playlist_import,,DEUM70900096,true,2009
Lila Wolken,"Marteria, Miss Platnum, Yasha",2012,2012,musicbrainz,0,2i7LYnvqSFfmimscnZqVLn,Lila Wolken,"Marteria, Miss Platnum, Yasha",playlist_import,,DEQ321200214,true,2012
Mi Gente,"J Balvin, Willy William",2017,2017,musicbrainz,0,5r6X3m7zrVHmU2lSp3DXmP,Mi Gente,"J Balvin, Willy William",playlist_import,,FR22F1701790,true,2017
One Day / Reckoning Song (Wankelmut Remix) [Radio Edit],"Asaf Avidan, The Mojos, Wankelmut",2012,2012,musicbrainz,0,5bGG1abhVIUm6EAa36ipRX,One Day / Reckoning Song (Wankelmut Remix) [Radio Edit],"Asaf Avidan, The Mojos, Wankelmut",playlist_import,,DEQ321200132,true,2012
Summer,Calvin Harris,2014,2014,musicbrainz,0,6YUTL4dYpB9xZO5qExPf05,Summer,Calvin Harris,playlist_import,,GBARL1400296,true,2014
Du,Peter Maffay,1970,1970,musicbrainz,0,6fFshpRdAV1MHSpzXP3Yyk,Du,Peter Maffay,playlist_import,,DEA818100076,true,1970
Rhythm Is A Dancer,SNAP!,1992,1992,musicbrainz,0,1IWzfq3sLedGQ3fb2hAMBA,Rhythm Is A Dancer,SNAP!,playlist_import,,DET189200600,true,1992
Dubi Dam Dam - Radio Edit,Banaroo,2005,2005,musicbrainz,0,6FRw4Ed7mA8b1bVbWVL3yI,Dubi Dam Dam - Radio Edit,Banaroo,playlist_import,,DEBA20500001,true,2005
Without You,Mariah Carey,1993,1993,musicbrainz,0,1kMOJBmpfWD9fir6st9uqS,Without You,Mariah Carey,playlist_import,,USSM19303176,true,1993
Closer,Ne-Yo,2008,2008,musicbrainz,0,0GX5oOKtU0nnx5OkhenW2i,Closer,Ne-Yo,playlist_import,,USUM70809378,true,2008
Boom Boom Boom - Don't Break My Balls Mix,The Outhere Brothers,1994,1994,musicbrainz,0,1m3YR95r3ZuLtu66T8l4Ab,Boom Boom Boom - Don't Break My Balls Mix,The Outhere Brothers,playlist_import,,CAU119402044,true,1994
Let's Get Back To Bed - Boy!,"Sarah Connor, TQ",2001,2001,musicbrainz,0,0EbWhshcHu8Y0NkdgABv3d,Let's Get Back To Bed - Boy!,"Sarah Connor, TQ",playlist_import,,DEE860100326,true,2001
Black Velvet,Alannah Myles,1989,1989,musicbrainz,0,1KU5EHSz04JhGg3rReGJ0N,Black Velvet,Alannah Myles,playlist_import,,USAT20103053,true,1989
Waterfall,"Michael Schulte, R3HAB",2023,2023,musicbrainz,0,7aJgh6LCvhXJfD7PHjhG70,Waterfall,"Michael Schulte, R3HAB",playlist_import,,DEUM72119688,true,2023
The Power,SNAP!,1990,1990,musicbrainz,0,0nQLxiNGbbUoSGrxksETLm,The Power,SNAP!,playlist_import,,DET189000100,true,1990
Drop It Like It's Hot,"Snoop Dogg, Pharrell Williams",2004,2004,musicbrainz,0,2NBQmPrOEEjA8VbeWOQGxO,Drop It Like It's Hot,"Snoop Dogg, Pharrell Williams",playlist_import,,USMC10400640,true,2004
Love Generation - Radio Edit,"Bob Sinclar, Gary Pine",2005,2005,musicbrainz,0,3s3DWOPtKQSgJVDRKu85Tt,Love Generation - Radio Edit,"Bob Sinclar, Gary Pine",playlist_import,,FRQ380500331,true,2005
Femme Like U,K.Maro,2004,2004,musicbrainz,0,4iVnfuAmwJNAGsiHz8Po6Y,Femme Like U,K.Maro,playlist_import,,FRZ160400064,true,2004
San Francisco (Be Sure to Wear Flowers in Your Hair) - Single Version,Scott McKenzie,1967,1967,musicbrainz,0,6vcNJUWtUPB0hKC6VbZriY,San Francisco (Be Sure to Wear Flowers in Your Hair) - Single Version,Scott McKenzie,playlist_import,,USSM16701024,true,1967
I Believe,KAMRAD,2022,2022,musicbrainz,0,6Gz7e7gqh7ytnzZzgSA9AR,I Believe,KAMRAD,playlist_import,,QMDA62184030,true,2022
Substitution (feat. Julian Perretta),"Purple Disco Machine, Kungs, Julian Perretta",2023,2023,musicbrainz,0,2F2p7b5Xq20mRyEeWYaeUF,Substitution (feat. Julian Perretta),"Purple Disco Machine, Kungs, Julian Perretta",playlist_import,,DEE862300093,true,2023
La Tortura (feat. Alejandro Sanz),"Shakira, Alejandro Sanz",2005,2005,musicbrainz,0,5BSclXJTa9B0iURhUjZo50,La Tortura (feat. Alejandro Sanz),"Shakira, Alejandro Sanz",playlist_import,,USSM10501700,true,2005
SexyBack (feat. Timbaland),"Justin Timberlake, Timbaland",2006,2006,musicbrainz,0,0O45fw2L5vsWpdsOdXwNAR,SexyBack (feat. Timbaland),"Justin Timberlake, Timbaland",playlist_import,,USJI10600269,true,2006
Summer Of '69,Bryan Adams,1984,1984,musicbrainz,0,0GONea6G2XdnHWjNZd6zt3,Summer Of '69,Bryan Adams,playlist_import,,USAM18490006,true,1984
Cover Me In Sunshine,"P!nk, Willow Sage Hart",2021,2021,musicbrainz,0,6Tio0ZoDeSQnI7EBAqWer2,Cover Me In Sunshine,"P!nk, Willow Sage Hart",playlist_import,,USRC12100138,true,2021
Hot In Herre,Nelly,2002,2002,musicbrainz,0,3hpUL1gDZWiz8k4DtYhZsS,Hot In Herre,Nelly,playlist_import,,USUR10200252,true,2002
Guten Morgen Sonnenschein,Nana Mouskouri,1977,1977,musicbrainz,0,5lpXFKgD6PeT6endUq5EX9,Guten Morgen Sonnenschein,Nana Mouskouri,playlist_import,,CH0527780010,true,1977
Blondes Wunder,Bernhard Brink,2001,2001,musicbrainz,0,6Nrs5TM730JUEp44XKOWqu,Blondes Wunder,Bernhard Brink,playlist_import,,DEA600100316,true,2001
Nur Noch Schuhe An!,"Mickie Krause, Willi Herren",2012,2012,musicbrainz,0,2Fo33Bf61uSKCtFmTcgxuV,Nur Noch Schuhe An!,"Mickie Krause, Willi Herren",playlist_import,,DEC611200301,true,2012
Sexy Eis,Bürger Lars Dietrich,1996,1996,musicbrainz,0,76UofYbCEIpOfu12Ls1kPt,Sexy Eis,Bürger Lars Dietrich,playlist_import,,DEA619650050,true,1996
Scatman's World,Scatman John,1995,1995,musicbrainz,0,6dugx9WBSS8TDxbKqp9zmj,Scatman's World,Scatman John,playlist_import,,DKELA9610002,true,1995
Waves,Mr. Probz,2013,2013,musicbrainz,0,3s8GJ1A9ujxsKcLaJ2wY7Q,Waves,Mr. Probz,playlist_import,,TCABN1366256,true,2013
Rosemarie,Hubert Kah,1982,1982,musicbrainz,0,4LYvl2jiB2EkCpZzTA8vxS,Rosemarie,Hubert Kah,playlist_import,,DEF068200820,true,1982
Fade To Grey,Visage,1980,1980,musicbrainz,0,3yobQNuKVJ62WDU7h725Fu,Fade To Grey,Visage,playlist_import,,USPR38080067,true,1980
Solo Para Ti,"Alvaro Soler, Topic",2022,2022,musicbrainz,0,2uAgZ0PelSImQe3BME9CiT,Solo Para Ti,"Alvaro Soler, Topic",playlist_import,,DEUM72201943,true,2022
Everytime,Britney Spears,2003,2003,musicbrainz,0,0dRhSF9LV0HR8Jwd3MMMKJ,Everytime,Britney Spears,playlist_import,,USJI10301010,true,2003
Jungle Drum,Emilíana Torrini,2008,2008,musicbrainz,0,49sGyqfSqURWHIKDbkTfdQ,Jungle Drum,Emilíana Torrini,playlist_import,,GBCVZ0802439,true,2008
Prayer in C - Robin Schulz Radio Edit,"Lilly Wood and The Prick, Robin Schulz",2014,2014,musicbrainz,0,5fnA9mkIfScSqHIpeDyvck,Prayer in C - Robin Schulz Radio Edit,"Lilly Wood and The Prick, Robin Schulz",playlist_import,,DEA621400286,true,2014
Obsesion,"Aventura, Judy Santos",2002,2002,musicbrainz,0,65H6t1WQBim6q93yM8fEwn,Obsesion,"Aventura, Judy Santos",playlist_import,,US83W0500074,true,2002
The Edge Of Glory,Lady Gaga,2011,2011,musicbrainz,0,57F80059mWaWFvWG3tBTbO,The Edge Of Glory,Lady Gaga,playlist_import,,USUM71106458,true,2011
Heaven,U96,1996,1996,musicbrainz,0,3gpFz8oAnbKQz83jf17yco,Heaven,U96,playlist_import,,DED579602560,true,1996
Wannabe,Spice Girls,1996,1996,musicbrainz,0,1Je1IMUlBXcx1Fz0WE7oPT,Wannabe,Spice Girls,playlist_import,,GBAAA9600008,true,1996
"'54, '74, '90, 2010",Sportfreunde Stiller,2006,2006,musicbrainz,0,6ee1motyT1KuUMiz8dMqxj,"'54, '74, '90, 2010",Sportfreunde Stiller,playlist_import,,DEUM70602470,true,2006
Daddy Cool,Boney M.,1976,1976,musicbrainz,0,3WMbD1OyfKuwWDWMNbPQ4g,Daddy Cool,Boney M.,playlist_import,,DEC737600002,true,1976
Sweet About Me,Gabriella Cilmi,2008,2008,musicbrainz,0,3Ws8j16fKE1jj74XksiyV6,Sweet About Me,Gabriella Cilmi,playlist_import,,GBUM70709626,true,2008
Au Revoir (feat. Sido),"Mark Forster, Sido",2014,2014,musicbrainz,0,1ZMODMeLK5x6W8r8jsmmgX,Au Revoir (feat. Sido),"Mark Forster, Sido",playlist_import,,DEQ321400093,true,2014
Hamma! - Single Edit,Culcha Candela,2007,2007,musicbrainz,0,3vaBHxfz5WPBLLPt1hTUvI,Hamma! - Single Edit,Culcha Candela,playlist_import,,DEUM70706793,true,2007
Shape of You,Ed Sheeran,2017,2017,musicbrainz,0,7qiZfU4dY1lWllzX7mPBI3,Shape of You,Ed Sheeran,playlist_import,,GBAHS1600463,true,2017
Jumpin' Jack Flash,The Rolling Stones,2021,2021,musicbrainz,0,1uBsu3PbD2909UBIfEMLvK,Jumpin' Jack Flash,The Rolling Stones,playlist_import,,USA171810060,true,2021
Kingston Town,UB40,1989,1989,musicbrainz,0,1YnVYHXoak0syv4xBRHQRb,Kingston Town,UB40,playlist_import,,GBAAA8900032,true,1989
I Don't Care (with Justin Bieber),"Ed Sheeran & Justin Bieber, Justin Bieber",2019,2019,musicbrainz,0,3HVWdVOQ0ZA45FuZGSfvns,I Don't Care (with Justin Bieber),"Ed Sheeran & Justin Bieber, Justin Bieber",playlist_import,,GBAHS1900672,true,2019
Please Don't Go,Double You,1992,1992,musicbrainz,0,0bwNb4KRkhzahJJMFsGoPR,Please Don't Go,Double You,playlist_import,,IT00C9200201,true,1992
Rose Garden,Lynn Anderson,1971,1971,musicbrainz,0,5YwgJ6lpZ3SiAQwBEpjqey,Rose Garden,Lynn Anderson,playlist_import,,USSM17000700,true,1971
This Love,Maroon 5,2002,2002,musicbrainz,0,6ECp64rv50XVz93WvxXMGF,This Love,Maroon 5,playlist_import,,USJAY0300080,true,2002
It's Not Unusual,Tom Jones,1965,1965,musicbrainz,0,3TlIt0ReIxPsVZcOEivT5U,It's Not Unusual,Tom Jones,playlist_import,,GBF076520010,true,1965
"Türlich, Türlich (Sicher, Dicker)",Das Bo,2000,2000,musicbrainz,0,0zv3f19rNhmZhNmNA2xJsF,"Türlich, Türlich (Sicher, Dicker)",Das Bo,playlist_import,,DEZN32100024,true,2000
Ghetto Supastar (That is What You Are) (feat. Ol' Dirty Bastard & Mýa),"Pras, Ol' Dirty Bastard, Mýa",1998,1998,musicbrainz,0,31bf9SEOppLU6lQ85d8om6,Ghetto Supastar (That is What You Are) (feat. Ol' Dirty Bastard & Mýa),"Pras, Ol' Dirty Bastard, Mýa",playlist_import,,USSM19803488,true,1998
No No Never,Texas Lightning,2006,2006,musicbrainz,0,5EEiZp74udn1TOG6ty9Pq6,No No Never,Texas Lightning,playlist_import,,DEX570600001,true,2006
Summertime Sadness,Lana Del Rey,2012,2012,musicbrainz,0,7sZUHAC6nadme4EwrLe99Q,Summertime Sadness,Lana Del Rey,playlist_import,,GBUM71111565,true,2012
Get It On,T. Rex,1971,1971,musicbrainz,0,0LoQuiekvzqx7n8flgEKzF,Get It On,T. Rex,playlist_import,,GBCHM7100038,true,1971
Maria,US5,2005,2005,musicbrainz,0,5e4K5KMw5o13ZDLS6ONAEf,Maria,US5,playlist_import,,DEPI82102292,true,2005
Lieblingsmensch,Namika,2015,2015,musicbrainz,0,6oHDvarQSp0mf5AD1SyNH0,Lieblingsmensch,Namika,playlist_import,,DEE861500389,true,2015
Let It Be - Remastered 2009,The Beatles,1970,1970,musicbrainz,0,7iN1s7xHE4ifF5povM6A48,Let It Be - Remastered 2009,The Beatles,playlist_import,,GBAYE0601713,true,1970
Around the World (La La La La La),"A Touch Of Class, Pete Konemann",2000,2000,musicbrainz,0,0IbTukfZdB91gclEXUQZkH,Around the World (La La La La La),"A Touch Of Class, Pete Konemann",playlist_import,,DEP810000008,true,2000
Party Rock Anthem,"LMFAO, Lauren Bennett, GoonRock",2011,2011,musicbrainz,0,7mitXLIMCflkhZiD34uEQI,Party Rock Anthem,"LMFAO, Lauren Bennett, GoonRock",playlist_import,,USUM71100061,true,2011
Love Runs Out,OneRepublic,2014,2014,musicbrainz,0,3cOO5IQtOYs7huq4Z6lYfr,Love Runs Out,OneRepublic,playlist_import,,USUM71404631,true,2014
Never Gonna Give You Up,Rick Astley,1987,1987,musicbrainz,0,4cOdK2wGLETKBW3PvgPWqT,Never Gonna Give You Up,Rick Astley,playlist_import,,GBARL9300135,true,1987
Semi-Charmed Life,Third Eye Blind,1997,1997,musicbrainz,0,42et6fnHCw1HIPSrdPprMl,Semi-Charmed Life,Third Eye Blind,playlist_import,,USEE19701203,true,1997
Glow,Madcon,2010,2010,musicbrainz,0,4icNLSquKZp6e0iEkBn9RP,Glow,Madcon,playlist_import,,NOBLV1005010,true,2010
All Summer Long,Kid Rock,2007,2007,musicbrainz,0,5rX6C5QVvvZB7XckETNych,All Summer Long,Kid Rock,playlist_import,,USAT20704333,true,2007
Ferrari,"James Hype, Miggy Dela Rosa",2022,2022,musicbrainz,0,4zN21mbAuaD0WqtmaTZZeP,Ferrari,"James Hype, Miggy Dela Rosa",playlist_import,,GB3CE2200004,true,2022
I Swear,All-4-One,1994,1994,musicbrainz,0,4WUnM4KNZ0kjp0CUeoyOnS,I Swear,All-4-One,playlist_import,,USAT29400058,true,1994
Komet,"Udo Lindenberg, Apache 207",2023,2023,musicbrainz,0,7oQepKHmXDaPC3rgeLRvQu,Komet,"Udo Lindenberg, Apache 207",playlist_import,,DEA622202192,true,2023
Dicht im Flieger,Julian Sommer,2022,2022,musicbrainz,0,6sS77FZh2eJfYBsFUW6hjI,Dicht im Flieger,Julian Sommer,playlist_import,,DEUM72201033,true,2022
Frühstück in Paris,"Capital Bra, CRO",2020,2020,musicbrainz,0,6qAxQhNfM909QrDGLYEocf,Frühstück in Paris,"Capital Bra, CRO",playlist_import,,DECE72000990,true,2020
Satellite,Lena,2010,2010,musicbrainz,0,2UjNsh4ipNrmog6wdS2JVv,Satellite,Lena,playlist_import,,DEUM71001210,true,2010
You Really Got Me,The Kinks,1964,1964,musicbrainz,0,29SyMC0plk6qw8NMF7lfRL,You Really Got Me,The Kinks,playlist_import,,GBAJE6400005,true,1964
Smooth (feat. Rob Thomas),"Santana, Rob Thomas",1999,1999,musicbrainz,0,0n2SEXB2qoRQg171q7XqeW,Smooth (feat. Rob Thomas),"Santana, Rob Thomas",playlist_import,,USAR19900033,true,1999
Don't Cha,"The Pussycat Dolls, Busta Rhymes",2005,2005,musicbrainz,0,0BxfFnk0YzONqvmrkO0QrB,Don't Cha,"The Pussycat Dolls, Busta Rhymes",playlist_import,,USUM70503191,true,2005
You Can Get It - Single Version,"Mark Medlock, Dieter Bohlen",2007,2007,musicbrainz,0,264b3qoi07fjK6KxLuQ1NP,You Can Get It - Single Version,"Mark Medlock, Dieter Bohlen",playlist_import,,DEE860700443,true,2007
Let's Talk About Sex,Salt-N-Pepa,1990,1990,musicbrainz,0,6hTBP6QLwJdxbKyLlLXrGo,Let's Talk About Sex,Salt-N-Pepa,playlist_import,,USIR20180412,true,1990
Waka Waka (This Time for Africa) - K-Mix,Shakira,2010,2010,musicbrainz,0,63Tl9k1sH8tznn3bqoMuyF,Waka Waka (This Time for Africa) - K-Mix,Shakira,playlist_import,,USSD11000358,true,2010
Hot Summer - Radio Edit,Monrose,2007,2007,musicbrainz,0,2vxYcyUrfuyqjF8psauo6k,Hot Summer - Radio Edit,Monrose,playlist_import,,DEA620700243,true,2007
Friday (feat. Mufasa & Hypeman) - Dopamine Re-Edit,"Riton, Nightcrawlers, Mufasa & Hypeman, Mufasa, Dopamine",2021,2021,musicbrainz,0,4cG7HUWYHBV6R6tHn1gxrl,Friday (feat. Mufasa & Hypeman) - Dopamine Re-Edit,"Riton, Nightcrawlers, Mufasa & Hypeman, Mufasa, Dopamine",playlist_import,,GBCEN2000163,true,2021
The Free Electric Band,Albert Hammond,1973,1973,musicbrainz,0,2bbIswC2E2MMSSjcHFD17G,The Free Electric Band,Albert Hammond,playlist_import,,USSM17300806,true,1973
Im Nin'alu,Ofra Haza,1984,1984,musicbrainz,0,5PomJFkGwOHkrk0Rfs2DnH,Im Nin'alu,Ofra Haza,playlist_import,,IL1001900030,true,1984
D.I.S.C.O. - Single Version,Ottawan,1980,1980,musicbrainz,0,7KkdYJqxvq4ZFq9gvFy06v,D.I.S.C.O. - Single Version,Ottawan,playlist_import,,FR58F7900100,true,1980
Stars On 45 - Original Single Edit,Stars On 45,1981,1981,musicbrainz,0,59BkBWQitTPgS1inzGfyI5,Stars On 45 - Original Single Edit,Stars On 45,playlist_import,,NLC288100003,true,1981
Chequered Love,Kim Wilde,1981,1981,musicbrainz,0,32CzlQoaKgZxT3WA4qHSgs,Chequered Love,Kim Wilde,playlist_import,,GBAYE8100010,true,1981
Arrivederci Claire,Andy Borg,2002,2002,musicbrainz,0,0iSRq1li0tV14LuvlfLXtN,Arrivederci Claire,Andy Borg,playlist_import,,DEA600200669,true,2002
Flowers,Miley Cyrus,2023,2023,musicbrainz,0,4DHcnVTT87F0zZhRPYmZ3B,Flowers,Miley Cyrus,playlist_import,,USSM12209777,true,2023
Iko Iko (My Bestie) (feat. Small Jam),"Justin Wellington, Pedro Capó, Small Jam",2021,2021,musicbrainz,0,3pnxj3KnSjqO1Qkl2qLHIz,Iko Iko (My Bestie) (feat. Small Jam),"Justin Wellington, Pedro Capó, Small Jam",playlist_import,,GBARL2100825,true,2021
You're The One That I Want - From “Grease”,"John Travolta, Olivia Newton-John",1978,1978,musicbrainz,0,0B9x2BRHqj3Qer7biM3pU3,You're The One That I Want - From “Grease”,"John Travolta, Olivia Newton-John",playlist_import,,NLF057890004,true,1978
Want to Want Me,Jason Derulo,2015,2015,musicbrainz,0,7oGZAicScQt96OAW4AruYy,Want to Want Me,Jason Derulo,playlist_import,,USWB11503046,true,2015
Self Control,Laura Branigan,1984,1984,musicbrainz,0,6JNJERZGJwDVgkmbohBw7u,Self Control,Laura Branigan,playlist_import,,USAT20903047,true,1984
Carnaval de Paris - Radio Mix,Dario G,1998,1998,musicbrainz,0,59mdyQniSaNFeXaKMGu9RB,Carnaval de Paris - Radio Mix,Dario G,playlist_import,,GBAHT9802811,true,1998
Unsere Lieder,Ben Zucker,2022,2022,musicbrainz,0,2GGJzyfq6mNovzf5vqv9MQ,Unsere Lieder,Ben Zucker,playlist_import,,DEUM72202455,true,2022
In Your Eyes (feat. Alida),"Robin Schulz, Alida",2020,2020,musicbrainz,0,61ZM92T2zaXIVsqncThQzC,In Your Eyes (feat. Alida),"Robin Schulz, Alida",playlist_import,,DEA621901341,true,2020
Never Let Me Down,"VIZE, Tom Gregory",2020,2020,musicbrainz,0,0Je3J2ml1lrnTLXXIlxrvR,Never Let Me Down,"VIZE, Tom Gregory",playlist_import,,DEN062003458,true,2020
Millionen Lichter,Christina Stürmer,2013,2013,musicbrainz,0,66og7eLYQaDJwjWbFB0IiJ,Millionen Lichter,Christina Stürmer,playlist_import,,DEUM71300342,true,2013
When The Beat Drops Out,Marlon Roudette,2014,2014,musicbrainz,0,5aJhuze13LOoLthmiG8YIA,When The Beat Drops Out,Marlon Roudette,playlist_import,,GB27E1400001,true,2014
Danza Kuduro,"Don Omar, Lucenzo",2010,2010,musicbrainz,0,6DXLO8LndZMVOHM0wNbpzg,Danza Kuduro,"Don Omar, Lucenzo",playlist_import,,USUM71020778,true,2010
Club Tropicana,Wham!,1983,1983,musicbrainz,0,6tASfEUyB7lE2r6DLzURji,Club Tropicana,Wham!,playlist_import,,GBBBM8300007,true,1983
Maneater,Nelly Furtado,2006,2006,musicbrainz,0,4wH4dJgrsxONID6KS2tDQM,Maneater,Nelly Furtado,playlist_import,,USUM70601449,true,2006
La Isla Bonita,Madonna,1986,1986,musicbrainz,0,6r8k1vznHrzlEKYxL4dZEe,La Isla Bonita,Madonna,playlist_import,,USWB19903355,true,1986
Übermorgen,Mark Forster,2020,2020,musicbrainz,0,1NP7bzm8UksJUWXsuFoOwE,Übermorgen,Mark Forster,playlist_import,,DEQ322000065,true,2020
Get Down,Gilbert O'Sullivan,1973,1973,musicbrainz,0,1kX0JVbq1lG9VZNiLF3Bwz,Get Down,Gilbert O'Sullivan,playlist_import,,GBEQJ0400004,true,1973
Lovers on the Sun (feat. Sam Martin) - Extended,"David Guetta, Sam Martin",2014,2014,musicbrainz,0,5UUr2ji5Lacg72thqzLyth,Lovers on the Sun (feat. Sam Martin) - Extended,"David Guetta, Sam Martin",playlist_import,,GB28K1400017,true,2014
