title,artist,estimated_year,spotify_track_id,isrc,spotify_album_name,spotify_album_type,spotify_album_release_date,spotify_duration_ms,spotify_album_artist,spotify_track_number,spotify_disc_number
Hate It Or Love It,"The Game, 50 Cent",2005,2wGSgTmgSF3xjRrHkTc25R,USIR10401121,The Documentary,album,2005,206400,The Game,4,1
Liebe,Sido,2013,5cBx2v7XJSErfesDmgNtr2,DEUM71303756,30-11-80,album,2013-01-01,195416,Sido,10,1
Push It,Salt-N-Pepa,1986,6sT9MWlJManry3EQwf4V80,USIR20180482,"Hot, Cool & Vicious",album,1986-12-08,272133,Salt-N-Pepa,1,1
Suga Suga,"Baby Bash, Frankie J",2003,6Nq5lE0CeOAAAqN4qhkbZU,USUR10300765,Tha Smokin' Nephew,album,2003-01-01,239026,Baby Bash,1,1
2002,"Sido, Apache 207",2019,2u8AXJyk8pICzj2wyPBL0b,DEUM71901812,Ich & keine Maske,album,2019-09-26,237157,Sido,4,1
Strictly Business,EPMD,1988,1xZdjsAGrY4BUIbIlYy3EX,USPO18800007,Strictly Business,album,1988-06-07,285413,EPMD,1,1
Dior 2001,RIN,2018,6WusSsncC0Oo9sFHKwQii6,DEQ021803485,Planet Megatron,album,2018-08-17,192941,RIN,1,1
Ja klar - 1822 Radio Edit,"Schwester S., Sabrina Setlur, Moses Pelham, Rödelheim Hartreim Projekt",1995,0CbiLoqWTQG4TiyCizsxXd,DEP950401172,Ja klar,single,1995-02-06,188626,"Schwester S., Sabrina Setlur, Moses Pelham",1,1
You Got Me,"The Roots, Tariq Trotter, Erykah Badu, Eve",1999,4pdLZsxq0y5oJDb6Cxlokw,USMC19858697,Things Fall Apart,album,1999-02-23,259306,The Roots,15,1
Ayo Technology,"50 Cent, Justin Timberlake, Timbaland",2007,6kfQDanT6Buh4Wu73ghbav,USUM70735445,Curtis,album,2007-01-01,247946,50 Cent,7,1
Sie ist weg,Die Fantastischen Vier,1995,3rTSoSOTvOebYMy2kzKvkJ,DEE869500515,Lauschgift - Jubiläums-Edition,album,1995,232266,Die Fantastischen Vier,3,1
Live Your Life,"T.I., Rihanna",2008,3jlbL2OTD5YmIunYzgQTAN,USAT20803620,Paper Trail,album,2008-09-07,338853,T.I.,5,1
Flava in Ya Ear,Craig Mack,1994,3X414ZlCf5U7pcpIaIcUkT,USBB40581290,Project: Funk Da World,album,1994-01-01,217466,Craig Mack,5,1
Paint The Town Red,Doja Cat,2023,56y1jOTK0XSvJzVv9vHQBK,USRC12300907,Scarlet,album,2023-09-20,230466,Doja Cat,1,1
rockstar (feat. 21 Savage),"Post Malone, 21 Savage",2018,0e7ipj03S05BNilyu5bRzt,USUM71710087,beerbongs & bentleys,album,2018-04-27,218146,Post Malone,6,1
ROCKSTAR (feat. Roddy Ricch),"DaBaby, Roddy Ricch",2020,7ytR5pFWmSjzHJIeQkgog4,USUM72007941,BLAME IT ON BABY,album,2020-04-17,181733,DaBaby,7,1
Big Poppa - 2005 Remaster,The Notorious B.I.G.,1994,2g8HN35AnVGIk7B8yMucww,USBB40580817,Ready to Die (The Remaster),album,1994-09-13,252746,The Notorious B.I.G.,13,1
X Gon' Give It To Ya,DMX,2007,1zzxoZVylsna2BQB65Ppcb,USDJ20201342,The Definition Of X: Pick Of The Litter,compilation,2007-06-12,217586,DMX,11,1
She Will,"Lil Wayne, Drake",2011,78O33U6jbQtNiNfbkZudpd,USCM51100309,Tha Carter IV (Explicit Version),album,2011-01-01,305840,Lil Wayne,6,1
Always On Time,"Ja Rule, Ashanti",2001,2hNf1rawV2XAZ6Jld2Fxwf,USDJ20110760,Pain Is Love,album,2001-10-02,245093,Ja Rule,5,1
Heute mit mir,Nimo,2017,7fUWZUNj5qbEuoL6K9947g,DEUM71706133,K¡K¡,album,2017-06-16,221680,Nimo,5,1
Set Adrift On Memory Bliss,P.M. Dawn,1999,093UVG0vgKjxj4UDjLIulw,FR8GV1838620,Let It Flow,compilation,1999-04-23,211661,Various Artists,10,1
Full Clip,Gang Starr,1999,30oTS7bm0aH3p7lqjEIu8q,USVI29900068,Full Clip: A Decade Of Gang Starr,compilation,1999-07-13,217440,Gang Starr,2,1
m y . l i f e (with 21 Savage & Morray),"J. Cole, 21 Savage, Morray",2021,1D3z6HTiQsNmZxjl7F7eoG,QMJMT2103634,The Off-Season,album,2021-05-14,218801,J. Cole,3,1
The Humpty Dance,Digital Underground,1990,0YEC3pNS0uIKvZb5u4lgsu,USTB10300377,Sex Packets,album,1990-03-26,391693,Digital Underground,1,1
The Next Episode,"Dr. Dre, Snoop Dogg",1999,4LwU4Vp6od3Sb08CsP99GC,USIR19915078,2001,album,1999-11-16,161506,Dr. Dre,11,1
Sprinter,"Dave, Central Cee",2023,2FDTHlrBguDzQkp7PVj16Q,GBUM72305159,Sprinter,single,2023-06-01,229133,"Dave, Central Cee",1,1
Can I Kick It?,A Tribe Called Quest,1990,1gSDTZHemEViEBiXysrlo0,USJI10300400,People's Instinctive Travels and the Paths of Rhythm (25th Anniversary Edition),album,1990,251790,A Tribe Called Quest,8,1
Weck mich auf,Samy Deluxe,2001,47VRtROAdociHgtuVZNoBL,DEA340100197,Samy Deluxe,album,2001-01-01,343226,Samy Deluxe,16,1
Airwaves,Pashanim,2020,5CqkgDH8QZjSqqI3HmYxDD,DECE72000342,Airwaves,single,2020-05-14,178932,Pashanim,1,1
Promiscuous,"Nelly Furtado, Timbaland",2006,2gam98EZKrF9XuOkU13ApN,USUM70603473,Loose,album,2006-01-01,242293,Nelly Furtado,4,1
INDUSTRY BABY (feat. Jack Harlow),"Lil Nas X, Jack Harlow",2021,27NovPIUIRrOZoCHxABJwK,USSM12104539,INDUSTRY BABY (feat. Jack Harlow),single,2021-07-23,212000,"Lil Nas X, Jack Harlow",1,1
Rockit,Herbie Hancock,1983,2nWHzbBWBOePUvAImQv2So,USSM19804808,Future Shock,album,1983,328115,Herbie Hancock,1,1
Cherry Lady,Capital Bra,2019,4j5WelE5mkf9A2jmts729h,DECE71900171,Cherry Lady,single,2019-03-22,135596,Capital Bra,1,1
Break Ya Neck,Busta Rhymes,2001,7gKgd0P3dAAePiSQQBqrlf,USJAY0100418,Genesis,album,2001-11-07,231240,Busta Rhymes,10,1
Black Beatles,"Rae Sremmurd, Gucci Mane",2016,6fujklziTHa8uoM5OQSfIo,USUM71603293,SremmLife 2 (Deluxe),album,2016-08-12,291893,Rae Sremmurd,5,1
Regulate,"Warren G, Nate Dogg",1994,7nYvUtkQMx1v80S2FH2s9J,USPR39401366,Regulate… G Funk Era,compilation,1994-06-07,248866,Warren G,1,1
Not Like Us,Kendrick Lamar,2024,6AI3ezQ4o3HUoP6Dhudph3,USUG12400910,Not Like Us,single,2024-05-04,274192,Kendrick Lamar,1,1
Für immer jung,"Bushido, Karel Gott",2008,3tv1DRqL9KRuIUawu6eYG0,DEFZ70800154,Heavy Metal Payback,album,2008-10-10,270426,Bushido,15,1
Changes,"2Pac, Talent",1998,1ofhfV90EnYhEr7Un2fWiv,USIR10110269,Greatest Hits,compilation,1998-01-01,268826,2Pac,5,2
I Need Love,LL COOL J,1987,519xI1wfOAJvHeV9kFdXaV,USDJ28700009,Bigger And Deffer,album,1987-07-22,322733,LL COOL J,9,1
Feel so Good,Mase,1997,7hfRrdFJgFKK3cJ4rmkecE,USBB40580127,Harlem World,album,1997,203626,Mase,12,1
Let Me Blow Ya Mind,"Eve, Gwen Stefani",2001,3RmKpob8xzv1pzHEQrMJah,USIR10110155,Scorpion,album,2001-03-06,230133,Eve,4,1
California Love - Original Version,"2Pac, Roger, Dr. Dre",1998,3ia3dJETSOllPsv3LJkE35,USUG10702628,Greatest Hits,compilation,1998-01-01,284906,2Pac,6,2
Prison Break Anthem (Ich glaub an Dich) - Single Version,"AZAD, Adel Tawil",2005,1mC06CRaWGhsWhdX99GJqL,DEUM70705937,Prison Break Anthem (Ich glaub an Dich),single,2005,242813,"AZAD, Adel Tawil",1,1
Day 'N' Nite (Nightmare),Kid Cudi,2009,60PAzFNW3vAiAiVK6DRJfB,USUM70957500,Man On The Moon: The End Of Day (Int'l Version),album,2009-01-01,221240,Kid Cudi,7,1
Buffalo Gals,"Malcolm McLaren, The World's Famous Supreme Team",2013,0bcYkckGP19S4K4dE7Y9TH,GBAAA8200025,Virgin Records: 40 Years Of Disruptions,compilation,2013-01-01,221440,Various Artists,6,1
"Gravel Pit (feat. RZA, Method Man, Ghostface Killah, Raekwon & U-God)","Wu-Tang Clan, RZA, Method Man, Ghostface Killah, Raekwon, U-God",2001,5ATV1iQtlQThdBBbb7srw8,USLR50000704,Gravel Pit,single,2001,257893,Wu-Tang Clan,2,1
White Lines (Don't Do It),"Grandmaster Flash, Grandmaster Melle Mel",2006,2W1ClVyalH5ys0HIN3FGvU,GBAJE0609103,"Grandmaster Flash, Grandmaster Melle-Mel & The Furious Five: The Greatest Hits",compilation,2006-05-01,269666,"Grandmaster Flash, Grandmaster Melle Mel, The Furious Five",1,1
What's Luv? (feat. Ja-Rule & Ashanti),"Fat Joe, Ja Rule, Ashanti",2001,2mKouqwAIdQnMP43zxR89r,USAT20110293,Jealous Ones Still Envy (J.O.S.E),album,2001-12-04,267093,Fat Joe,9,1
Country Grammar (Hot Shit),Nelly,2000,3wMUvT6eIw2L5cZFG1yH9j,USUR10080452,Country Grammar,album,2000-06-27,287000,Nelly,4,1
Monsta,Culcha Candela,2009,3RM5RpRDDdST1njqOMG141,DEUM70903295,Schöne Neue Welt,album,2009-08-28,196120,Culcha Candela,3,1
"Walk This Way (feat. Aerosmith) - 7"" Single Version","Run–D.M.C., Aerosmith",1986,2SelIoNf0P0QrHMQnSEX8q,USAR19901588,Walk This Way,single,1986-07-04,218133,Run–D.M.C.,2,1
Hip Hop Hooray,Naughty By Nature,1993,1SyQ6t9RdRBK0QUCS6a797,USTB10250031,19NaughtyIII,album,1993-02-23,267266,Naughty By Nature,2,1
Old Town Road (feat. Billy Ray Cyrus) - Remix,"Lil Nas X, Billy Ray Cyrus",2019,2YpeDb67231RjR0MgVLzsG,USSM11902498,7,album,2019-06-21,157066,Lil Nas X,1,1
First Class,Jack Harlow,2022,0wHFktze2PHC5jDt3B17DC,USAT22203024,Come Home The Kids Miss You,album,2022-05-06,173947,Jack Harlow,4,1
My Humps,Black Eyed Peas,2005,20jYtEun4dUdYZ9foaOC48,USIR10500771,Monkey Business,album,2005-01-01,326960,Black Eyed Peas,5,1
Wolke 7 - Single Version,"Max Herre, Philipp Poisel",2012,2Jcx6qkJTt7mFRiIAXX3uc,DEUM71202328,Wolke 7,single,2012-01-01,240466,Max Herre,1,1
Now That We Found Love,"Heavy D & The Boyz, Aaron Hall",1991,1KONmY3enP3r3nIPQidWAy,USMC19135589,Peaceful Journey,album,1991-01-01,258200,Heavy D & The Boyz,1,1
No Diggity,"Blackstreet, Dr. Dre, Queen Pen",1996,6MdqqkQ8sSC0WB4i8PyRuQ,USIR19600978,Another Level,album,1996-09-09,304600,Blackstreet,3,1
IMMER (MIT MAKKO),"Ski Aggu, makko",2024,4P2Sdu2zPhm2XN2W9Z8e1X,DE1FB2400133,IMMER (MIT MAKKO),single,2024-08-28,155722,"Ski Aggu, makko",1,1
Paid In Full,"Eric B. & Rakim, Marley Marl",1987,3fatX7w8Wt9nmwGlXZsRFh,USIR28700020,Paid In Full,album,1987-07-07,228266,Eric B. & Rakim,6,1
Talkin' All That Jazz,Stetsasonic,1988,6ZF3dNXVuA6E8rOL4FX2EY,USTB10100622,In Full Gear,album,1988-06-15,288053,Stetsasonic,13,1
P.I.M.P.,50 Cent,2003,3G0yz3DZn3lfraledmBCT0,USIR10300020,Get Rich Or Die Tryin',album,2003-02-06,249480,50 Cent,11,1
03' Bonnie & Clyde,"JAŸ-Z, Beyoncé",2002,5ljCWsDlSyJ41kwqym2ORw,USDJ20201108,The Blueprint 2: The Gift & The Curse,album,2002-11-12,205560,JAŸ-Z,4,1
A-N-N-A,"Freundeskreis, Max Herre, Don Philippe, DJ Friction",1997,6EWtkdeKmVtRjmydTfIR0S,DEE869702098,Quadratur des Kreises,album,1997-02-21,366133,"Freundeskreis, Max Herre, Don Philippe",6,1
Chabos wissen wer der Babo ist,Haftbefehl,2018,6kjBafSuYC8gClzfYu7T1t,DEUM71800521,Chabos wissen wer der Babo ist,single,2018-02-23,139908,Haftbefehl,1,1
Trap Queen,Fetty Wap,2015,5iNRPN7oYQvdB9AmeSW6d3,QM7XC1400004,Fetty Wap (Deluxe),album,2015-09-25,222093,Fetty Wap,1,1
Jam On It,Newcleus,1984,1lB2kyB5h9ceZ388GBfC9L,USCCK0710020,Jam On Revenge,album,1984,383600,Newcleus,6,1
Beautiful Girl,Luciano,2022,5xX2LYdXyx0Boa61rZOjq5,DECE72201083,Majestic,album,2022-09-29,178453,Luciano,3,1
Kein Wort,"Juju, Loredana, Miksu / Macloud",2020,1hoLUVBx0ixX3kn0EX0P5n,DEVX52000001,Kein Wort,single,2020-01-16,162093,"Juju, Loredana",1,1
Easy,CRO,2012,3FwxpJdlexIR6MeTT56HAm,DEW921100135,Raop,album,2012-07-06,173426,CRO,3,1
King Kunta,Kendrick Lamar,2015,0N3W5peJUQtI4eyR6GJT5O,USUM71502494,To Pimp A Butterfly,album,2015-03-16,234693,Kendrick Lamar,3,1
I Got 5 On It,Luniz,2010,7vfvZp6KZJpxiaW6rI9ieM,USQY51024377,Yukmouth Presents: 420,compilation,2010-04-20,253533,Various Artists,3,1
My Band,D12,2004,4XHQyvbrBsQaaBUW1VvmsL,USIR10400103,D-12 World,album,2004-01-01,298773,D12,6,1
I'm On One,"DJ Khaled, Drake, Rick Ross, Lil Wayne",2011,608a1wIsSd5KzMEqm1O7w3,USCM51100126,We The Best Forever,album,2011-01-01,296146,DJ Khaled,1,1
Smack That,"Akon, Eminem",2006,2kQuhkFX7uSVepCD3h29g5,USUM70609036,Konvicted,album,2006-01-01,212360,Akon,3,1
God's Plan,Drake,2018,6DCZcSspjsKoFjzjrWoCdn,USCM51800004,Scorpion,album,2018-06-29,198973,Drake,5,1
Ring Ring Ring (Ha Ha Hey),De La Soul,1991,1zRW3vr3uw0tdG7iLWUZpn,QMMEH2200094,De La Soul is Dead,album,1991-05-14,305693,De La Soul,21,1
Leider geil (Leider geil),Deichkind,2012,3gmxpKRiDdCe6ub96LvKx5,DEUM71104228,Befehl von ganz unten,album,2012-01-01,191266,Deichkind,4,1
Give It To Me,"Timbaland, Justin Timberlake, Nelly Furtado",2007,0wbDgMuAoy7O7pL3a69uZx,USUM70700995,Shock Value,album,2007-04-02,234026,Timbaland,2,1
Express Yourself - Remix,N.W.A.,1996,6NLLIPKjqFRnbCorRNTEHe,USPO19600015,Greatest Hits,compilation,1996-07-02,261399,N.W.A.,16,1
Put Your Hands Where My Eyes Could See (feat. Jamal),"Busta Rhymes, Jamal",1997,1NHwvBmrUje4L1dxfWnXCH,USEE19792108,When Disaster Strikes...,album,1997,194293,Busta Rhymes,8,1
Liebes Lied,Beginner,1998,6YzYyeMV5MY7wHOGskZdzf,DEA859800190,Bambule,album,1998-11-09,254080,Beginner,4,1
Trick Me,Kelis,2003,6ERaJuSVPZmYvesOOQyRJO,USAR10301288,Tasty,album,2003-01-01,206106,Kelis,2,1
Turn Down for What,"DJ Snake, Lil Jon",2013,67awxiNHNyjMXhVgsHuIrs,USSM11308174,Turn Down for What,single,2013-12-18,213733,"DJ Snake, Lil Jon",1,1
No Sleep Till Brooklyn,Beastie Boys,1986,5qxChyzKLEyoPJ5qGrdurN,USDJ28600008,Licensed To Ill,album,1986-11-15,246933,Beastie Boys,8,1
Ohne Dich,"KASIMIR1441, badmómzjay, WILDBWOYS",2021,1BHgWnOYgtAHhMZU73co1D,DECE72006792,EYA,album,2021-07-22,125720,KASIMIR1441,10,1
Ms. Jackson,Outkast,2000,0I3q5fE6wg7LIfHGngUTnV,USLF20000357,Stankonia,album,2000-10-31,270506,Outkast,5,1
Ohne mein Team,"Bonez MC, RAF Camora, Maxwell",2016,05Mp2UJulSttxQ4E6hQPH3,DETX91500281,Palmen aus Plastik,album,2016-09-09,188503,"Bonez MC, RAF Camora",5,1
Tamam Tamam,Summer Cem,2018,2eRq2jwsZtb0uGH4qUsvT1,DEA621800476,Endstufe (Deluxe Edition),album,2018-07-27,147120,Summer Cem,10,1
Sommergewitter,Pashanim,2021,2H7jZg2HliuQhZjfBblLrZ,DECE72103812,Sommergewitter,single,2021-06-24,138533,Pashanim,1,1
See You Again (feat. Charlie Puth),"Wiz Khalifa, Charlie Puth",2015,2JzZzZUQj3Qff7wapcbKjc,USAT21703595,See You Again (feat. Charlie Puth),single,2015,229525,"Wiz Khalifa, Charlie Puth",1,1
Black and Yellow,Wiz Khalifa,2011,5A6OHHy73AR5tLxgTc98zz,USAT21001800,Rolling Papers,album,2011-03-29,217666,Wiz Khalifa,3,1
"Nuthin' But A ""G"" Thang","Dr. Dre, Snoop Dogg",1992,5Tbpp3OLLClPJF8t1DmrFD,USIR19200849,The Chronic,album,1992-12-15,237573,Dr. Dre,5,1
Baby Got Back,Sir Mix-A-Lot,1992,1SAkL1mYNJlaqnBQxVZrRl,USSM19100221,Mack Daddy,album,1992-01-01,262826,Sir Mix-A-Lot,3,1
Who Am I (What’s My Name)?,Snoop Dogg,1993,0eO8MW9YSTK3CjdaTYKlhF,USKO10403597,Doggystyle,album,1993-11-23,246200,Snoop Dogg,8,1
Nachts wach,"Miksu / Macloud, makko",2022,3kgt8Ys78I6GBZlQrWqZiA,DEQ022291049,Nachts wach,single,2022-07-08,178973,"Miksu / Macloud, makko",1,1
Erfolg ist kein Glück,Kontra K,2015,4xuVfUXkHe1YZZZWNICGcV,DEQ321400391,Aus dem Schatten ins Licht,album,2015-02-06,210813,Kontra K,2,1
Reimemonster (feat. Ferris MC),"Afrob, Ferris MC",1999,0pgx8fWphTTM9Kv5KjWpXy,DEE869900215,Rolle mit Hip Hop,album,1999-03-29,216693,Afrob,2,1
Ready or Not,"Fugees, Ms. Lauryn Hill, Wyclef Jean, Pras",1996,3vZO25GdYuqFrR1kzZADnp,USSM19600051,The Score (Expanded Edition),album,1996-02-13,226933,"Fugees, Ms. Lauryn Hill, Wyclef Jean",3,1
Bamba (feat. Aitch & BIA),"Luciano, Aitch, BIA",2022,7sJNeWTXkZCEC7OnFMpGWL,DECE72202389,Majestic,album,2022-09-29,203560,Luciano,4,1
So wie du bist,"MoTrip, Lary",2015,12SH8NE1e17yItgsb2gitp,DEUM71501286,Mama,album,2015-06-19,268515,MoTrip,14,1
So'ne Musik,Deichkind,2015,4GqLvfkDkoFjuEoUXFUnZg,DETA81500007,Niveau Weshalb Warum,album,2015-01-30,192440,Deichkind,1,1
Perfect Gentleman (feat. Hope),"Wyclef Jean, Hope",2000,3kJrESsM3ISObFTfBQfJ8H,USSM10010287,The Ecleftic -2 Sides II A Book,album,2000-05-01,249840,Wyclef Jean,11,1
Bring The Noise,Public Enemy,1988,1i3xxWMwdPKDqrTEA9VgRc,USDJ28800014,It Takes A Nation Of Millions To Hold Us Back,album,1988-06-28,226040,Public Enemy,2,1
King of Rock,Run–D.M.C.,1985,7112WRQXlBGe4Os43yw8gV,USAR18500024,King Of Rock (Expanded Edition),album,1985-01-21,314146,Run–D.M.C.,2,1
Emotions 2.0,"Ufo361, CÉLINE",2020,4O4YjcteBewBS603SK1enn,DEQ022007770,Emotions 2.0,single,2020-06-12,146027,"Ufo361, CÉLINE",1,1
Boom! Shake the Room,DJ Jazzy Jeff & The Fresh Prince,1993,5ZDL1Ap2Mwhk5xhmQ41Ei2,USJI19300024,Code Red,album,1993-10-12,226200,DJ Jazzy Jeff & The Fresh Prince,3,1
Hobby Hobby,MERO,2019,1Mp78QzFO1GrE5h1HvM0Rp,DEQ021807986,YA HERO YA MERO,album,2019-03-15,153560,MERO,5,1
(Hey You) The Rock Steady Crew,Rock Steady Crew,2022,7I9cYR8tnejdB1Z8G76S00,GBAAA8300086,Fetenhits - One Hit Wonder,compilation,2022-09-30,227293,Various Artists,50,1
Anaconda,Nicki Minaj,2014,5eqiMMbaeUZ32Q7sS00H35,USCM51400260,The Pinkprint (International Deluxe Explicit),album,2014-12-12,260239,Nicki Minaj,12,1
Kimnotyze,"DJ Tomekk, Lil' Kim, Trooper Da Don",2002,6Hn28vF3xTsg7ukG1pGIDF,FR59R1471821,"Beat of Life, Vol. 1",album,2002-09-02,209626,DJ Tomekk,4,1
The Real Slim Shady,Eminem,2000,3yfqSUWxFvZELEM4PmlwIR,USIR10000448,The Marshall Mathers LP,album,2000-05-23,284200,Eminem,8,1
If I Ruled the World (Imagine That) (feat. Lauryn Hill),"Nas, Ms. Lauryn Hill",1996,5PQmSHzWnlgG4EBuIqjac2,USSM19601375,It Was Written,album,1996-07-02,282373,Nas,14,1
Whoomp! There It Is - Radio Edit,Tag Team,1993,3oWXoSkjdbTlQlteizN7Hb,US25X1900111,Whoomp! There It Is (Radio Edit),single,1993-05-07,225266,Tag Team,1,1
Fancy,"Iggy Azalea, Charli xcx",2014,3W3KtDwAIg3mAruSpnfG3Q,GBUM71400597,The New Classic (Deluxe Version),album,2014-01-01,199938,Iggy Azalea,5,1
Troy,Die Fantastischen Vier,2004,6QRng4ZFJxeRnjcnquKlx2,DEE860400443,Viel - Jubiläums-Edition,album,2004,269840,Die Fantastischen Vier,13,1
Intergalactic - Remastered 2009,Beastie Boys,1998,5fpizYGbi5IQoEraj6FP0R,USCA20903764,Hello Nasty (Deluxe Edition/Remastered),album,1998-07-14,231493,Beastie Boys,7,1
Apache (Jump on It),The Sugarhill Gang,2005,2Xgs2rDctV0KnEz5jauqa1,GBAJE8100023,The Best of Grandmaster Flash & Sugar Hill,compilation,2005-01-31,269026,Various Artists,12,1
Lucid Dreams,Juice WRLD,2018,285pBltuF7vW8TeWk8hdRR,USUG11800685,Goodbye & Good Riddance,album,2018-12-10,239835,Juice WRLD,3,1
Whatta Man,"Salt-N-Pepa, En Vogue",1993,7sJN693sYKEIEMu7fc5VnJ,USIR20300399,Very Necessary,album,1993-10-12,308360,Salt-N-Pepa,4,1
Empire State Of Mind,"JAŸ-Z, Alicia Keys",2009,2igwFfvr1OAGX9SKDCPBwO,USJZ10900031,The Blueprint 3,album,2009-09-08,276920,JAŸ-Z,5,1
Rapper's Delight,The Sugarhill Gang,2010,2XbwFs07dfm2MGQuYmRMZT,GBUM71021600,The Sugarhill Gang - 30th Anniversary Edition (Expanded Version),album,2010-01-01,235840,The Sugarhill Gang,6,1
Truth Hurts,Lizzo,2019,3HWzoMvoF3TQfYg4UPszDq,USAT21703896,Cuz I Love You (Super Deluxe),album,2019-04-19,173325,Lizzo,13,1
The Breaks,Kurtis Blow,1994,19tYXOfQFZ7gdGA3LAH76I,USPR38000025,The Best Of Kurtis Blow,compilation,1994-01-01,469266,Kurtis Blow,1,1
Planet Rock,"Afrika Bambaataa, The Soulsonic Force",1982,4FupIlegZgvXUuK79qcoKW,USRH10802800,Planet Rock,single,1982-05-01,319960,"Afrika Bambaataa, The Soulsonic Force",1,1
AKON,Jazeek,2025,6YFNhYf7A33biVmMG1JSQf,DECE72500346,MOST VALUABLE PLAYA,album,2025-03-28,138354,Jazeek,7,1
All 4 One,"Kool Savas, AZAD",2008,5stqdnEmsr98AV26GweHJ8,DEA810500572,The Best Of,compilation,2008-08-01,213813,Kool Savas,14,1
Waterfalls,TLC,1994,6qspW4YKycviDFjHBOaqUY,USLF29400133,Crazysexycool,album,1994-11-15,279506,TLC,8,1
Thrift Shop (feat. Wanz),"Macklemore & Ryan Lewis, Macklemore, Ryan Lewis, Wanz",2012,6CjtS2JZH9RkDz5UVInsa9,GMM881200003,The Heist,album,2012-10-09,235613,"Macklemore, Ryan Lewis, Macklemore & Ryan Lewis",3,1
Affalterbach,"Shindy, Shirin David",2019,2e3bkN2QCScPUnUQiA9ZA4,DEXH31800007,Drama,album,2019-07-12,174159,Shindy,7,1
bauch beine po,Shirin David,2025,13QjwdjKiFrKzYznJu6iiP,DECE72401327,Schlau aber blond,album,2025-02-13,133932,Shirin David,3,1
Me Myself and I,De La Soul,1989,792UwI6utk5DMQUT1KXa5E,QMMEH2200066,3 Feet High and Rising,album,1989-03-03,229333,De La Soul,20,1
Anxiety,Doechii,2025,1musbempyJAw5gfSKZHXP9,USUG12500650,Anxiety,single,2025-03-05,249302,Doechii,1,1
Funky Cold Medina,Tone-Loc,1989,5YIF6HSOtHN9HdcE5IPzMe,USA370507637,Loc-ed After Dark,album,1989-01-01,248160,Tone-Loc,6,1
Jump,Kris Kross,1992,27AHAtAirQapVldIm4c9ZX,USSM19200533,Totally Krossed Out,album,1992-03-17,195106,Kris Kross,2,1
Kids (2 Finger an den Kopf),Marteria,2014,3pJlJBxitGP7Btt5veLnDd,DEQ321300396,Zum Glück in die Zukunft II (Deluxe Version),album,2014-01-31,229543,Marteria,2,1
Jein,Fettes Brot,1996,22f8RBGm0xklH4wSh36J3w,DEAH91600042,"Außen Top Hits, innen Geschmack (Gebäck in the Days 1992 - 2002)",album,1996-04-08,354133,Fettes Brot,2,1
Tha Crossroads,Bone Thugs-N-Harmony,1995,5KSJ9k1FYjFLnIRlJT2wF8,US23S9528108,E. 1999 Eternal,album,1995-07-25,223546,Bone Thugs-N-Harmony,8,1
It Takes Two,Rob Base & DJ EZ Rock,1988,0gFB5H3pHN13ERt2FyMuWi,USAR19800570,It Takes Two,album,1988-05-05,300373,Rob Base & DJ EZ Rock,1,1
"The Message - 7"" Version","Grandmaster Flash, The Furious Five",2006,1vePC77pxGSUXLErDHuGtH,GBAJE0609113,"Grandmaster Flash, Grandmaster Melle-Mel & The Furious Five: The Greatest Hits",compilation,2006-05-01,194240,"Grandmaster Flash, Grandmaster Melle Mel, The Furious Five",11,1
Doo Wop (That Thing),Ms. Lauryn Hill,1998,0uEp9E98JB5awlA084uaIg,USSM19802337,The Miseducation of Lauryn Hill,album,1998-08-25,320266,Ms. Lauryn Hill,5,1
"Höha, schnella, weita - Länga","Rödelheim Hartreim Projekt, Moses Pelham",1996,0s48f8orPzBYiAUNJlvaof,DEP951400007,"Höha, schnella, weita",single,1996-02-05,303533,"Rödelheim Hartreim Projekt, Moses Pelham",2,1
Traum,CRO,2014,6D579iDSk3u8fCokhBl8dQ,DEW921300390,Melodie (Deluxe-Premium Edition),album,2014-06-06,196440,CRO,4,1
Ahnma,"Beginner, Gzuz, Gentleman",2016,1sr9lbDDGIxmFK7wUdA1Z8,DEUM71601522,Advanced Chemistry,album,2016-08-26,253680,Beginner,1,1
BALOTELLI,THIZZY52,2026,0KBV8ASFRhAioNS7SvEtqa,DECE72602503,BALOTELLI,single,2026-06-11,138440,THIZZY52,1,1
Hin und Her,AK AUSSERKONTROLLE,2026,5PcZTsUAo5ZH9JcTmBNy5t,DECE72602492,Hin und Her,single,2026-06-11,158206,AK AUSSERKONTROLLE,1,1
Hauptstadt,"Lopov361, Nizi19, Yuyu19",2026,5mXeo66Zeg82P0JLfn1eyF,DECE72602454,Hauptstadt,single,2026-06-11,123346,"Lopov361, Nizi19, Yuyu19",1,1
KOMM VORBEI,OMAR,2026,3mtH7pOBldWyOCRQxgC55x,DECE72602476,KOMM VORBEI,single,2026-06-11,128176,OMAR,1,1
Früher war nicht besser,"Afrob, Ferris MC, Curse, GINI",2026,1bUGIzffuEkP4kK1BMgoes,DEUM72601949,Früher war nicht besser,single,2026-06-12,224911,"Afrob, Ferris MC, Curse, GINI",1,1
Alles neu,Peter Fox,2008,5hqxBvQJ3XJDSbxT9vyyqA,DEA620800706,Stadtaffe,album,2008-09-26,260093,Peter Fox,1,1
Oh Jonny,Jan Delay,2009,1IivtUqnUfW9jH3pM08D8U,DEUM70903106,Wir Kinder vom Bahnhof Soul (Re-Release),album,2009,219013,Jan Delay,2,1
Lila Wolken,"Marteria, Yasha, Miss Platnum",2012,0c6EzAElZrC62yj80FLmpP,DEQ321200214,Lila Wolken,single,2012-09-14,228053,"Marteria, Yasha, Miss Platnum",1,1
Schlechtes Vorbild,Sido,2006,5bNDEwqT51nXFojsaK3Ilh,DEZ470600466,Ich (Premium Edition),album,2006-12-01,204213,Sido,5,1
Schwarz zu blau,Peter Fox,2008,1Fjz0ME9pzk553wH86m3ZZ,DEA620800623,Stadtaffe,album,2008-09-26,215800,Peter Fox,2,1
Mit freundlichen Grüßen,Die Fantastischen Vier,1999,4BwQLePZSn9X2HoTwNpoLg,DEE869900478,4:99 - Jubiläums-Edition,album,1999,215933,Die Fantastischen Vier,3,1
Bilder im Kopf,Sido,2012,3AzVdNe7tCYbjjRzQyVLbN,DEUM71203903,#Beste,compilation,2012-01-01,238560,Sido,38,1
Die Eine 2005,Die Firma,2005,3jd4ya9vCwExxTVOjPcqsf,DEZ040500211,Krieg Und Frieden,album,2005-04-04,206560,Die Firma,13,1
Dickes B (feat. Black Kappa),"Seeed, Black Kappa",2000,4eRmCZWJoEtLl0wy7EJPwd,DEA620101390,New Dubby Conquerors,album,2000-11-27,284906,Seeed,5,1
OMG!,Marteria,2014,55Bld5Surw2eIw74xSvn2S,DEQ321300474,Zum Glück in die Zukunft II (Deluxe Version),album,2014-01-31,229640,Marteria,3,1
Hurra die Welt geht unter,"K.I.Z, Henning May",2015,3NIDOSThELMihLSOMZcL4k,DEUM71500721,Hurra die Welt geht unter,album,2015-07-10,284693,K.I.Z,13,1
Urlaub fürs Gehirn,K.I.Z,2011,3Uu1Gpflq95f8NqKVPB5sz,DEUM71101244,Urlaub fürs Gehirn,album,2011-01-01,241973,K.I.Z,2,1
Cruisen,Massive Töne,2002,6e5kuZssmkwWL3Yt4jwTRy,DEA610200332,MT3,album,2002,235266,Massive Töne,2,1
Klar,Jan Delay,2006,01y4v0GVDAFwj9hjxTMshg,DEUM70602183,Mercedes Dance,album,2006-01-01,295440,Jan Delay,2,1
Ein Affe und ein Pferd,K.I.Z,2013,3qM75mSV84LHHJqlITqZsk,DENF61300044,Ganz Oben (Mixtape),album,2013-01-01,225693,K.I.Z,2,1
Endboss,Marteria,2010,7pRY7ku84Y3x3nPoB2gxy0,DEQ321000082,Zum Glück in die Zukunft,album,2010-08-20,224080,Marteria,1,1
Nullkommaneun,SSIO,2016,3cLXgIlvugVKpWBmO5v9oy,DEQ121534919,"0,9 (Deluxe Version)",album,2016-01-29,232434,SSIO,1,1
Alles wird gut,Bushido,2010,4SF1K7VfTBnVSEyBCrrUWK,DEFZ71000003,Zeiten ändern dich,album,2010-02-22,218106,Bushido,7,1
Kompass ohne Norden,Prinz Pi,2013,4wEDActEN5ZyJi0DK8bCtf,DEQ121218023,Kompass ohne Norden (Premium Edition),album,2013-04-29,252786,Prinz Pi,3,1
Alles verloren,Bushido,2007,3jVFJysIJYrv3K2OFvAZFS,DEFZ70700124,7,album,2007-08-31,266346,Bushido,7,1
Augen auf,Sido,2008,1ZQdvTmo5eSs7N2LRQQSwa,DEZ470800821,Ich & meine Maske (Premium Version),album,2008-05-30,230906,Sido,8,1
Still D.R.E.,"Dr. Dre, Snoop Dogg",1999,503OTo2dSqe7qk76rgsbep,USIR19905031,2001,album,1999-11-16,270586,Dr. Dre,4,1
In Da Club,50 Cent,2003,7iL6o9tox1zgHpKUfh9vuC,USIR10300033,Get Rich Or Die Tryin',album,2003-02-06,193466,50 Cent,5,1
Without Me,Eminem,2002,7lQ8MOhq6IN2w8EYcFNSUk,USIR10211038,The Eminem Show,album,2002-05-26,290320,Eminem,10,1
"Tokyo Drift (Fast & Furious) - From ""The Fast And The Furious: Tokyo Drift"" Soundtrack",Teriyaki Boyz,2006,0upFohXrGxIIAjyaJmCkMU,USUG10600159,Tokyo Drift (Fast & Furious),single,2006-01-01,255946,Teriyaki Boyz,1,1
Till I Collapse,"Eminem, Nate Dogg",2002,4xkOaSrkexMciUUogZKVTS,USIR10211066,The Eminem Show,album,2002-05-26,297786,Eminem,18,1
The Bad Touch,Bloodhound Gang,1999,5EYdTPdJD74r9EVZBztqGG,USIR19902530,Hooray For Boobies,album,1999-10-04,260506,Bloodhound Gang,10,1
SexyBack (feat. Timbaland),"Justin Timberlake, Timbaland",2006,0O45fw2L5vsWpdsOdXwNAR,USJI10600269,FutureSex/LoveSounds,album,2006-09-12,242733,Justin Timberlake,2,1
Hot In Herre,Nelly,2002,04KTF78FFg8sOHC1BADqbY,USUR10200371,Nellyville,album,2002-06-25,228240,Nelly,3,1
Gangsta's Paradise,"Coolio, L.V.",1995,1DIXPcTDzTj8ZMHt3PDt8p,USTB10400128,Gangsta's Paradise,album,1995-11-07,240693,Coolio,2,1
Dilemma,"Nelly, Kelly Rowland",2002,0ARK753YaiJbpLUk7z5yIM,USUR10200370,Nellyville,album,2002-06-25,289160,Nelly,10,1
"Bettina, zieh dir bitte etwas an","Fettes Brot, Modeselektor",2008,5G6iHwadfvriTZ3jliN6Qd,DEAH90800001,Strom und Drang,album,2008-03-14,230293,Fettes Brot,2,1
Mockingbird,Eminem,2005,2GMQdbxFV8oZA7jQDx791P,USIR10400813,Mockingbird,single,2005-04-25,252186,Eminem,1,1
Zum König geboren - Radio Version,"Marteria, Son of Dave",2010,49t99q9OVczcVhRuEYziEJ,DEQ320800260,Zum Glück in die Zukunft (Instrumental),album,2010-08-27,217733,Marteria,13,1
Von Party zu Party,SXTN,2017,4h6UIDvGWTYZvu4BLf2GpO,DEVX51700003,Leben am Limit,album,2017-06-02,224186,SXTN,3,1
Breaking your heart,Apache 207,2023,6fsbuVwtZHq8bCfUOfmkNL,DEKF22300271,Gartenstadt,album,2023-06-09,170579,Apache 207,2,1
200 km/h,Apache 207,2019,2PGA1AsJal6cyMNmKyE56q,DEQ321900168,Platte,album,2019-10-25,163506,Apache 207,4,1
Für Elisa,Medimeisterschaften Team Jena,2022,1elIYfRLIRJXBx6PX9TLsr,DEZC62284790,Für Elisa,single,2022-07-29,160894,Medimeisterschaften Team Jena,1,1
Erdbeben,Fettes Brot,2008,3kOpiyU8wJx75zC5Y7jDON,DEAH90800013,Strom und Drang,album,2008-03-14,165066,Fettes Brot,4,1
Echo,Fettes Brot,2013,1RiI2VU98EzHS2EfraMdaN,DEAH91300051,3 is ne Party,album,2013-11-01,210240,Fettes Brot,11,1
Die Da!?!,Die Fantastischen Vier,2009,0LFq9xNDSgspBQlmaFfpat,DEE869200228,Vier gewinnt - Jubiläums-Edition,album,2009-10-20,250746,Die Fantastischen Vier,2,1
Zusammen feat. Clueso (feat. Clueso),"Die Fantastischen Vier, Clueso",2018,0eV2yonbivxFUtGm8RrGd8,DEE861702960,Captain Fantastic Singles & Remixes,compilation,2018-09-28,224901,Die Fantastischen Vier,2,1
Im Ascheregen,Casper,2013,22Mmr6bWntkodqm5CELKsm,DEQ321300240,Hinterland,album,2013-09-27,299026,Casper,1,1
Bon voyage (feat. Nina),"Deichkind, Nina Tenge",2000,0ys1g8PTTs6ADeDp2h1xpd,DEA620000141,Bitte Ziehen Sie Durch,album,2000,207413,Deichkind,4,1
Neuruppin,"K.I.Z, Drama Kuba, Cannibal Rob",2007,6REiDLAJKtYGoZsPVgNdiH,DEUM70706336,Hahnenkampf,album,2007-01-01,323253,K.I.Z,17,1
Sekundenschlaf,"Marteria, P. Fox",2010,1bBrOeAoTqAmrRJZBwnafy,DEQ321000093,Zum Glück in die Zukunft,album,2010-08-20,214866,Marteria,12,1
Hinterland,Casper,2013,2uPDOny5jb6teyb9WEKFyc,DEQ321300241,Hinterland,album,2013-09-27,235186,Casper,2,1
"Irgendwie, Irgendwo, Irgendwann","Jan Delay, Dennis Dubplate",2019,04sIbgH6Vdo2V21QsUPaRJ,DEC649900080,"Irgendwie, Irgendwo, Irgendwann",single,2019-11-01,330409,Jan Delay,1,1
Walpurgisnacht,K.I.Z,2007,36fc7ffgOJZmEAavDEmbwu,DEUM70706332,Hahnenkampf,album,2007-01-01,301173,K.I.Z,12,1
Du liebst mich nicht - Director's Cut,"Sabrina Setlur, Schwester S., Moses Pelham",2005,5s0gVX5apCv8nhHBQDM4Po,DEP950401274,Mein Herz,single,2005-01-24,337893,"Sabrina Setlur, Schwester S., Moses Pelham",7,1
Hey Du!,Sido,2012,5YU9jwcZ5vzLkcyWU8NTcj,DEUM70904584,#Beste,compilation,2012-01-01,250680,Sido,31,1
Gustav Gans,Beginner,2003,34zCp2LJUlYimBJQVpfpuX,DEN120304137,Blast Action Heroes,album,2003-09-01,212240,Beginner,4,1
Poesie Album,Samy Deluxe,2011,0T8wIusBn0OpzFm2H6AVNY,DEC611100423,Up2Date XXL,album,2011-01-01,230546,Samy Deluxe,3,1
Füchse,"Beginner, Samy Deluxe",1998,4vxjNphyAqPGR8KpuXPGoi,DEA859800191,Bambule,album,1998-11-09,274640,Beginner,5,1
Rhythmus Meines Lebens,Kool Savas,2010,5R7YnJS94Mc5x7WXrEfrez,DEBN21000011,Die John Bello Story 3,album,2010-03-12,196858,Kool Savas,11,1
Carmen,Sido,2008,7cljbkeVNsK7KsIvjAP7HN,DEZ470800828,Ich & meine Maske (Premium Version),album,2008,226653,Sido,12,1
Goldjunge,Sido,2006,7gaCwhuQ03qmXVDi0uN0mp,DEZ470600464,Ich (Premium Edition),album,2006-12-01,252866,Sido,2,1
Wenn wir kommen,Bushido,2004,09FVGGk1acFWLvuzbvHww7,DEN120406735,Electro Ghetto (Re-Release),album,2004,232280,Bushido,10,1
Der Neger,B-Tight,2002,2a1AgusoFQPyekQn7whbKv,DEZ470900079,Der Neger (In Mir),album,2002-10-28,194560,B-Tight,4,1
Das Urteil,Kool Savas,2008,0RWY3ZawHvW1BxvoO8sHdS,DEA810500762,The Best Of,compilation,2008-08-01,311813,Kool Savas,31,1
Traumreise,Massive Töne,2002,1tVhmi6ltumhZtd1pM8Tya,DEA610200349,MT3,album,2002,231800,Massive Töne,6,1
Sag Ihnen Bescheid,Headliners,2005,6qcVkGJLJbHAA43qC7Z9Fq,DEA340501099,Deluxe Records - Let's Go,album,2005-01-01,213360,"Samy Deluxe, Illo, Headliners",4,1
Rapresentieren,AZAD,2001,30XpzDPp2R2UR8WyquhdwM,DEP950400156,Leben,album,2001-06-11,234453,AZAD,3,1
Hey Du (Nimm Dir Zeit),ASD,2003,2rkaYoTLAi7aYNPaIWV14y,DEA340202504,Wer Hätte Das Gedacht,album,2003-03-28,271506,ASD,12,1
Tag am Meer,Die Fantastischen Vier,2005,7a4XSg7ZP3zIfrpmyMEuGz,DEE869300127,Best Of 1990 - 2005,compilation,2005-11-15,257573,Die Fantastischen Vier,11,1
Ernten was wir säen,Die Fantastischen Vier,2007,3QReL387fSnVIgpBKjmlFg,DEE860700040,Fornika,album,2007-04-07,253360,Die Fantastischen Vier,2,1
Einfach Sein,Die Fantastischen Vier,2007,3LWmYwGZBgT4XsYCQlkP4w,DEE860700110,Fornika,album,2007-04-07,217173,Die Fantastischen Vier,3,1
Music Monks (The See(e)dy Monks),Seeed,2003,7HlltvjXsZCzGaySfEbQ6v,DEA610300308,Music Monks (Limited Edition),album,2003-06-02,205000,Seeed,1,1
Dickes B (feat. Black Kappa) - Single Version,"Seeed, Black Kappa",2000,7diaOVBn2tLEpiWZA8IRzL,DEA620001038,Dickes B,single,2000-11-27,239506,Seeed,1,1
Schwule Mädchen,Fettes Brot,2001,1ukS5fjqTe7TAEMQ5uBUWC,DEAH90900005,Demotape,album,2001-10-01,205293,Fettes Brot,5,1
An Tagen wie diesen,"Fettes Brot, Pascal Finkenauer",2005,3jkp8fGwMxKVGZbNNYccnZ,DEAH90500008,Am Wasser gebaut,album,2005-03-21,241666,Fettes Brot,8,1
Emanuela,Fettes Brot,2005,3yZySGI7T6Zt5nAd385noE,DEAH90500015,Am Wasser gebaut,album,2005-03-21,214853,Fettes Brot,2,1
Dynamit!,Dynamite Deluxe,2008,7qyrmzV5MdkJaF7gcP717e,DEC610701497,TNT,album,2008-01-01,205186,Dynamite Deluxe,11,1
Krieg und Frieden,Die Firma,2005,55BK5u3OE6BNGAUWZEdome,DEZ040500202,Krieg und Frieden,album,2005-04-04,225960,Die Firma,1,1
Die Abrechnung,"Eko Fresh, German Dream Allstars",2005,51gx0gTBayICAbKLD5tGqq,DEA810500340,German Dream Allstars,album,2005-03-21,301373,"Eko Fresh, German Dream Allstars",3,1
Glücksprinzip - Remix,Die Firma,2007,5UKqVH2LNlhZIwukzWyHWD,DEZ040701137,Goldene Zeiten,album,2007,216773,Die Firma,3,1
Spiel des Lebens,Die Firma,2005,4bBfvElbbpv0Y0zhnf3Wh0,DEZ040400183,Krieg und Frieden,album,2005-04-04,233933,Die Firma,6,1
Morgen Geht Die Bombe Hoch (Maxi Mischpoke),Der Tobi & Das Bo,1996,7ySgksZLrCvreYlFyXDSTR,DEF089403970,"Genie Und Wahnsinn (""Wir Sind Die Best Of's"")",compilation,1996-01-01,270800,Der Tobi & Das Bo,10,1
Willst du mit mir geh’n?,Fünf Sterne deluxe,1998,6giip5bKQM9sYk6qtIrjkV,DEOW91420003,Sillium,album,1998,272920,Fünf Sterne deluxe,3,1
Dein Herz schlägt schneller,Fünf Sterne deluxe,1998,4vhC2QGPdGRifEbqsYa6uH,DEOW91420002,Sillium,album,1998,252666,Fünf Sterne deluxe,2,1
Neue Deutsche Welle,"Fler, Shizoe",2006,1bCMtTukT47hWWTLfiaBXV,DEZ470400002,Aggro Ansage Nr. 4 X,album,2006-04-13,145080,Aggro Berlin präsentiert,2,1
5 krasse Rapper,"Kitty Kat, B-Tight, Sido, Fler, Tony D",2008,0yx4zg994ZPbXMruWDeLLO,DEZ470801129,Aggro Ansage Nr. 8,album,2008,217280,Aggro Berlin präsentiert,1,1
Fremd im eigenen Land,Advanced Chemistry,1992,1wzrM2NxjPrjLFTrLfSx3v,DEE880214100,Kill the Nation with a Groove,compilation,1992-06-06,289826,Various Artists,10,1
Hammerhart,Beginner,1998,0LxKGciKtDGXZ7B7t6NqWZ,DEA859800189,Bambule,album,1998-11-09,203920,Beginner,2,1
Chain Gang Slang (feat. Illo77 & Phantom Black),Mr. Schnabel,2001,4sResx9TXvXR4tXebOIAxa,DEA620100822,Chain Gang Slang,single,2001,242573,Mr. Schnabel,1,1
"Oh Shit, Frau Schmidt",Der Wolf,1997,2yFKrPgeLa2bfV8nWq0XWn,DEF079603930,Das Album,album,1997-01-01,228106,Der Wolf,11,1
Wir sind da wo oben ist,Kinderzimmer Productions,2002,0be6ne46w0gRdvpmfUpMQC,DEG120102702,Wir Sind Da Wo Oben Ist,album,2002-01-01,270933,Kinderzimmer Productions,2,1
Haschisch Kakalake,Crème De La Crème,1999,6oEY7YaLG1vF7x8ifAHvDr,ATR981149047,Porno Funk,album,1999,227306,Crème De La Crème,12,1
Marihuana,Kinderzimmer Productions,1998,7mvW41GDt1VH3oLfvny8mK,DEHB69800018,Die Erste* Back ist nur ein Remix!!!,album,1998-11-20,229400,Kinderzimmer Productions,4,1
Kopf Stein Pflaster,RAG,1998,2204we6JYot9Q4gY71pq1y,DEGC61000596,Unter Tage,album,1998-10-06,254560,RAG,6,1
"Fresh, Grimy and Raw",Creutzfeld & Jakob,2003,2GrpGBIrDiC18mYzZuYCxF,DEN120305630,2 Mann Gegen Den Rest!,album,2003-01-01,233573,Creutzfeld & Jakob,2,1
Hoch Und Runter,Creutzfeld & Jakob,2003,5Rx7jtEv8WG6eTnhNCrgNK,DEN120305631,2 Mann Gegen Den Rest!,album,2003-01-01,238280,Creutzfeld & Jakob,3,1
Sterne,"Creutzfeld & Jakob, J-Luv",2003,01KjwAeqEOFH9BeCy0G3y8,DEN120305638,2 Mann Gegen Den Rest!,album,2003-01-01,265626,Creutzfeld & Jakob,10,1
Doobie,Kinderzimmer Productions,1999,6I9vbkJqLmDJLbamUyb0uX,DEE869801400,Die hohe Kunst der tiefen Schläge (Special Edition),album,1999-03-08,245173,Kinderzimmer Productions,7,1
Da Draussen,Fettes Brot,2000,02BwWUWmyuH1hrMBxJVHVp,DEAH91300104,3 Hamburger mit'm Monsterbass,album,2000-10-25,322133,Fettes Brot,1,1
Safari,Blumentopf,1999,5IdPCWPtBLLC6cSxP4BZGm,DEE869900786,Großes Kino,album,1999-08-02,248666,Blumentopf,19,1
Sneak Preview,ASD,2003,79oa0DTnfjexe57g2s5Hux,DELZ31500002,Wer hätte das gedacht? (Afrob & Samy Deluxe) [Special Edition inkl. aller B-Seiten],album,2003,226226,ASD,2,1
Jugend forscht,"Fettes Brot, Eins Zwo",2000,2fMU6Pc9YxeAHULH0minVx,DEAH91300109,3 Hamburger mit'm Monsterbass,album,2000-10-25,259640,Fettes Brot,7,1
Esperanto,"Freundeskreis, Deborah",1999,4AVYhbGXnci04Hsjd4GLgw,DEE869900356,Esperanto,album,1999,259933,Freundeskreis,2,1
Mit dir,"Freundeskreis, Joy Denalane",1999,2PMqwXeDcmeHqSUMRPU1Ey,DEE869900365,Esperanto,album,1999,278960,Freundeskreis,11,1
Ein Bisschen Jazz - Figub Brazlevic Remix,"Toni-L, Figub Brazlevic",2016,2PfmXELlCh9Z9zLAyRhgH9,DEQ121643466,Wenn der Vorhang fällt (Original Motion Picture Soundtrack),compilation,2016-12-16,255306,Various Artists,3,1
Geld essen (Ausgestopfte Rapper),K.I.Z,2007,3XF0cYK2BONGGrPEYpE17B,DEUM70706192,Hahnenkampf,album,2007-01-01,260360,K.I.Z,1,1
Spasst,K.I.Z,2007,7MuyCMeCuTRWLE6fCv1m4P,DEUM70706324,Hahnenkampf,album,2007-01-01,240386,K.I.Z,3,1
Chillig,Prinz Porno,2015,0j8Tke2U5YjDStcMm4waJU,DEQ121427947,pp = mc2,album,2015-01-09,251890,Prinz Porno,9,1
Arschficksong,Sido,2004,2a2DREOqbJyIAPs26EKAuX,DEZ471500150,Arschficksong,single,2004-08-09,210040,Sido,1,1
Strassenjunge,Sido,2006,1pRDMCdFlwUcLhZtJgoMWm,DEZ470600458,Strassenjunge,single,2006-11-24,234773,Sido,1,1
So Rotten,"Team Eimsbush, Dynamite Deluxe, Tony Rotton aka Blak Twang",2003,5xx7bBmltTrItU3qjDbGlX,DEZ650505516,Team Eimsbush,album,2003-05-19,237466,Team Eimsbush,13,1
Schwinger,Seeed,2005,1XyFcaHfNymuyDHtry9XvD,DEA610500338,Next!,album,2005-10-14,200453,Seeed,1,1
Illo Anthem,"Illo, Samy Deluxe",2005,7zCeo3mW7k8nzy8c4cSGRo,DEA340501097,Deluxe Records - Let's Go,album,2005-01-01,191920,"Samy Deluxe, Illo, Headliners",2,1
"1, 2, 3... Rhymes Galore","DJ Tomekk, Grandmaster Flash, Afrob, Flavor Flav, MC Rene",2001,6gThYAyFD8FdBuQWfDsQ8K,DEBL60359137,Return of Hip Hop (Pioneers Project),album,2001-08-10,202826,DJ Tomekk,11,1
Vorsprechtermin,"Sleepwalker, Hamburg City All Stars",2001,3hmRazkLvl7dgvygwNq20C,DEN120101766,Vorsprechtermin,single,2001-01-01,271893,Sleepwalker,1,1
Mädchen N° 1 (feat. Billy Allen),"Hausmarke, Billy Allen",1998,1tcaz2Piaji5jiCmItG0Ah,DEE869800378,Weltweit,album,1998-03-23,290373,Hausmarke,3,1
Sie macht micht glücklich,D-Flame,2000,0RGshURY2XF0ikg9oVzRwP,DEPI81401642,Basstard,album,2000,229640,D-Flame,5,1
Ladies & Gentlemen,Dynamite Deluxe,2000,0UKJzXJ7ffg6kHguTEAVfr,DEPI81902443,Deluxe Soundsystem,album,2000-03-26,226880,Dynamite Deluxe,14,1
Steh wieder auf,Deine Lieblingsrapper,2005,4FfjZs7kaFPa8mMsM9gaim,DEZ470500263,Dein Lieblingsalbum,album,2005-10-27,229533,Deine Lieblingsrapper,19,1
Blinded,Samy Deluxe,2005,4sxIW46ha3nxEkAF3xi47D,DECL50500023,So Deluxe so Glorious,album,2005-11-04,185160,Samy Deluxe,7,1
Wie jetzt,Dynamite Deluxe,2000,5ZZR3IitTL7OKJUukCXKZN,DEPI81902431,Deluxe Soundsystem,album,2000-03-26,180920,Dynamite Deluxe,2,1
Sorry,"D-Flame, Eißfeldt 65",2000,0Nz2hN5fWMtBMZhn586rwC,DEPI81401648,Basstard,album,2000,282853,D-Flame,11,1
Lass uns doch Freunde sein,Curse,2001,3JyeORL9NQW6LnkkjmCao1,DEA790104603,Von innen nach aussen,album,2001,216866,Curse,3,1
Pures Gift,Dynamite Deluxe,1999,0nGQ7sn05TQOzAGkNiwKoA,DEPI81903069,The Classic Vinyl Files,single,1999-09-13,226506,Dynamite Deluxe,3,1
Wahre Liebe,Curse,2006,1Crg0WNS59CXBM8DycTa7V,DEA810600795,Einblick Zurück! (Mixtape Classics Cuts - 1996 - 2006),compilation,2006-08-04,87066,Curse,11,1
Witten City,"Creutzfeld & Jakob, Mess, Kornel, T. Chill, F.I.N.K.",2003,7MWaGd4jZI9y54jCbuaHMI,DEN120305643,2 Mann Gegen Den Rest!,album,2003-01-01,326093,Creutzfeld & Jakob,13,1
Do What You Feel - Skit,Creutzfeld & Jakob,2003,2V5EH2JUTkBPtnN2Mp7iwe,DEN120305637,2 Mann Gegen Den Rest!,album,2003-01-01,77773,Creutzfeld & Jakob,8,1
Intro,"Stieber Twins, DJ Mario ""Kool"" Man",1997,4uLZz15mhfWJocRKCDI3qy,DEZC62421451,Fenster zum Hof,album,1997-03-10,89853,Stieber Twins,1,1
Fenster zum Hof,Stieber Twins,1997,31fgtCB1ixNQXhLZ4w2pIT,DEZC62421452,Fenster zum Hof,album,1997-03-10,363213,Stieber Twins,2,1
Allein zu zweit - MagMar Remix,"Stieber Twins, DJ Mirko Machine, MagMar",1997,2GQWED0f9NCtqragpSNGoS,DEZC62421453,Fenster zum Hof,album,1997-03-10,243213,Stieber Twins,3,1
Sehr Geil - Best of Sektetapes,"B-Tight, Sido, Joka, Gauner, Vokalmatador",2017,4SftfO9Npp7DE5jx8dIibX,DEQ121643273,Wer hat das Gras weggeraucht? (Deluxe Version),album,2017-02-03,227613,B-Tight,18,1
Heisser,D-Flame,2000,4zSp24HB8QmjNjWjqGZQDq,DEPI81401641,Basstard,album,2000,212440,D-Flame,4,1
RADW,"Haftbefehl, Bazzazian",2020,2LtD83L2gaZxvAqTaNw7EO,DEUM72000982,Das weisse Album,album,2020-06-04,197133,Haftbefehl,6,1
Wir waren mal Stars,"Torch, Toni-L",2000,4InISu1MzAxt2cJcUbm6us,DEE861101078,Blauer Samt,album,2000-09-25,280400,Torch,5,1
Danke,Die Fantastischen Vier,2010,5M1Coybff67lURqcwEQZeb,DEE861000383,Für Dich Immer Noch Fanta Sie,album,2010-05-14,248240,Die Fantastischen Vier,8,1
Ave Maria,"Kollegah, Farid Bang",2018,2jHPaOudFNLHQwNJSP2cAi,DELV41702364,Jung Brutal Gutaussehend XXX,album,2018-09-28,202235,"Kollegah, Farid Bang",2,1
Du bist Boss,Kollegah,2014,32IKJthM7ARKvGBTZCE1Et,DEDG61400011,King,album,2014-05-09,163506,Kollegah,8,1
Rotlichtsonate,Kollegah,2021,4TXJ3MopLcewWQUjkuYL2w,CH7812194032,"Zuhältertape, Vol. 5",album,2021-10-08,228066,Kollegah,1,1
Nuttööö,SSIO,2013,59BhNnVBBXKhUjONX7jlrk,DEQ121320116,BB.U.M.SS.N. (Spezial Edition),album,2013-09-13,214746,SSIO,15,1
Nautilus,Shindy,2019,4qOTcNt9fUBA1PhA2VFg8W,DEXH31800010,Drama,album,2019-07-12,183692,Shindy,10,1
Einmal um die Welt,CRO,2012,6gQAyT7B7cYGTRBOiFdQUS,DEW921100151,Raop,album,2012-07-06,142462,CRO,11,1
Denk an die Kinder,Alligatoah,2015,7AP0XRWfP1QhDs4MdjsJqb,DEQ121534863,Musik ist keine Lösung,album,2015-11-27,231760,Alligatoah,2,1
Du bist schön,Alligatoah,2015,1Zr0y5aFwyUoRZzFPuxB2F,DEQ121534872,Musik ist keine Lösung,album,2015-11-27,228213,Alligatoah,11,1
Musik ist keine Lösung,Alligatoah,2015,5ZAyNbEdh9JBgXRCOWIPLK,DEQ121534876,Musik ist keine Lösung,album,2015-11-27,251746,Alligatoah,15,1
Fledermausland,Trailerpark,2014,0kbplL6BBeCphNLwZoZpTB,DEQ121216544,Crackstreet Boys 3 (Bonus Tracks Version),album,2014-12-05,259306,Trailerpark,14,1
Marteria Girl,Marteria,2010,438TNAPHgJ5gCAMagaFnzr,DEQ321000087,Zum Glück in die Zukunft (Premium Version),album,2010-08-27,210133,Marteria,6,1
Falsche Band,Trailerpark,2014,4Z3GtsDgpEuP3Xrid8KKju,DEQ121426920,Crackstreet Boys 3 (Bonus Tracks Version),album,2014-12-05,212693,Trailerpark,3,1
Wem mach ich was vor,Tua,2019,00yXb1NU2vtNBUxsRhahX6,DEW921801283,Tua,album,2019-03-22,175907,Tua,5,1
Sturmmaske auf (Intro),"Kollegah, Farid Bang",2018,7eON4eNvLFMrQUjiF73APq,DELV41702407,Jung Brutal Gutaussehend XXX,album,2018-09-28,231353,"Kollegah, Farid Bang",1,1
Willst du,Alligatoah,2013,3FcqFCeCD6QRtRo6WGLCnC,DEQ121319219,Triebwerke,album,2013-08-02,218964,Alligatoah,5,1
Monet,"Alligatoah, Sido",2020,6a2dQM7ocTJoTVCXekPOHG,DEQ022010262,Monet,single,2020-10-16,186299,"Alligatoah, Sido",1,1
Mit dir schlafen,"Alligatoah, Esther Graf",2022,35KgkjUBqbU6haT6aEuDws,DEQ022117450,Rotz & Wasser,album,2022-03-25,199466,Alligatoah,2,1
Ein Problem mit Alkohol,Alligatoah,2018,0lIX2ce3jiQ0uQg5ABbAsX,DEQ021801378,"Schlaftabletten, Rotwein V",album,2018-09-14,239444,Alligatoah,2,1
Godzilla (feat. Juice WRLD),"Eminem, Juice WRLD",2020,7FIWs0pqAYbP91WWM0vlTQ,USUM72000788,Music To Be Murdered By,album,2020-01-17,210800,Eminem,7,1
Houdini,Eminem,2024,1CDQzbCz4KSQxHe7LMEgRM,USUG12403398,The Death of Slim Shady (Coup De Grâce),album,2024-07-12,227032,Eminem,11,1
Not Afraid,Eminem,2010,7Ie9W94M7OjPoZVV216Xus,USUM71011769,Recovery,album,2010-06-18,248133,Eminem,7,1
I Wanna Love You,"Akon, Snoop Dogg",2006,0CXVjQI9wsqaGeIARkkpYc,USUM70615284,Konvicted,album,2006-01-01,247066,Akon,4,1
One Dance,"Drake, Wizkid, Kyla",2016,1zi7xx7UVEFkmKfv06H8x0,USCM51600028,Views,album,2016-05-06,173986,Drake,12,1
Passionfruit,Drake,2017,5mCPDVBb16L4XQwDdbRUpz,USCM51700072,More Life,album,2017-03-18,298940,Drake,3,1
Madonna,"Bausa, Apache 207",2021,6a3kNt1UlUOapDKmEr3JzZ,DEA622000742,100 Pro,album,2021-02-26,195734,Bausa,3,1
VIP in der Psychiatrie,K.I.Z,2021,0b9cSSHeOuo2622idMdVTM,DECE72006588,Rap über Hass,album,2021-05-27,224160,K.I.Z,3,1
Frieden,K.I.Z,2024,42nE4FVxDjMf30g3fp7vDF,DEA622304113,Görlitzer Park,album,2024-06-21,304558,K.I.Z,6,1
Ariane,"K.I.Z, Nico K.I.Z",2015,5O6E87n0E2jkHv6yUNcNEe,DEUM71500715,Hurra die Welt geht unter,album,2015-07-10,300373,K.I.Z,7,1
Schwung in die Kiste,Die Orsons,2015,1d0LKskvREPlQfBanvabh8,DEUM71403809,What's Goes?,album,2015-03-06,242733,Die Orsons,6,1
Horst & Monika - Single Version,"Die Orsons, CRO",2012,4PkdsMPMUCo9ADHrQYFtHq,DEUM71202544,Das Chaos und Die Ordnung,album,2012-01-01,226320,Die Orsons,7,1
Powerade,"BHZ, SIRA, Ion Miles",2022,20l2YWgtEXAAAEzoWs3gkE,DEXK52200237,"In Liebe, Ion",album,2022-06-24,142400,"Ion Miles, BHZ",2,1
9 bis 9,"SIRA, Bausa, badchieff",2023,5YWu6dt50Nieq8qi572RF8,DEKF22300419,9 bis 9,single,2023-05-05,131549,"SIRA, Bausa, badchieff",1,1
mietfrei,"Ski Aggu, SIRA",2023,0fq2RzyyUoqELsONRF8ZzP,DE1FB2300064,denk mal drüber nach...,album,2023-10-12,141026,Ski Aggu,4,1
Friesenjung,"Ski Aggu, Joost, Otto Waalkes",2023,7b8Z1GU2plJy3aASZTiolF,DE1FB2300037,denk mal drüber nach...,album,2023-10-12,146086,Ski Aggu,13,1
Anders,"01099, Paul, Ski Aggu",2023,5RKvst7SDOCTWGlLcF6kSE,DE1GM2200005,Blaue Stunden,album,2023-11-03,155020,01099,7,1
Ich will nur dass du weißt - Radio Edit,"SDP, Adel Tawil",2015,5cNrYbEQ6QHj8LwibGk57Z,DETX41500514,Zurück in die Zukunst,album,2015-05-22,201729,SDP,18,1
Deine Freundin,SDP,2015,2qgA5x0hee7zlLeoxiekRC,DETX41500108,Zurück in die Zukunst,album,2015-05-22,176040,SDP,8,1
Sonnenbank Flavour,Bushido,2021,1S0Bs64Lu2tRbAoRLc7crq,CH7812198676,Von der Skyline zum Bordstein zurück,album,2021-09-03,220426,Bushido,4,1
Lieb's oder lass es,"Genetikk, Sido",2013,66MWev4H48W1ebKDnAwqYL,DEDG61300112,D.N.A.,album,2013-06-21,181066,Genetikk,12,1
Fäule,Beginner,2003,0nIiTzYceDeR8pIR20uPTN,DEN120304271,Blast Action Heroes,album,2003-09-01,238666,Beginner,11,1
Luftbahn,Deichkind,2008,28VHPpOFGdY2PByaTe10ZX,DEUM70806186,Arbeit nervt,album,2008-01-01,260773,Deichkind,6,1
Remmidemmi (Yippie Yippie Yeah),Deichkind,2006,31sD77U64ym70wYEMpnSrQ,DEUM70600715,Aufstand im Schlaraffenland,album,2006-01-01,281360,Deichkind,3,1
Bück dich hoch,Deichkind,2012,1fARWKNn6zOhHoxDRX2gq8,DEUM71104229,Befehl von ganz unten,album,2012-01-01,247586,Deichkind,8,1
Zukunft Pink (feat. Inéz),"Peter Fox, Inéz",2023,0XRJfwNFKpKn6yN1JYktSK,DEA622201528,Love Songs (deluxe),album,2023-05-26,231546,Peter Fox,11,1
Zucker (feat. Vanessa Mason),"Peter Fox, Vanessa Mason",2008,786hpxha0GrX3fz0aCrfUD,DEA620800632,Stadtaffe,album,2008-09-26,192466,Peter Fox,12,1
Ding,Seeed,2005,4i4RFXGR8LjhBjgmIsczzo,DEA610500339,Next!,album,2005-10-18,206160,Seeed,11,1
Augenbling,Seeed,2013,3sb9neCSMkkY979MFdWQjo,DEA611200344,SEEED,album,2013-01-04,216727,Seeed,4,1
Aufstehn! - feat. CeeLo Green,"Seeed, CeeLo Green",2005,1a2OetShjC5XxrNN7uUTvP,DEA610500226,Next!,album,2005-10-18,230960,Seeed,3,1
St. Pauli,Jan Delay,2014,2e0WOJduEqsABUDLKkz0Dd,DEUM71401093,Hammer & Michel,album,2014,267880,Jan Delay,10,1
Millionär,"187 Strassenbande, Bonez MC, Gzuz",2017,6mw02h3qbWmuq2bJCRjRAe,DETX91500631,Sampler 4,album,2017-07-18,159211,187 Strassenbande,3,1
Mit den Jungz,"187 Strassenbande, Gzuz, Bonez MC, LX",2017,3aDYo34VzVf2i8aJyJk0ca,DETX91500630,Sampler 4,album,2017-07-18,233220,187 Strassenbande,2,1
Lächeln,"187 Strassenbande, Bonez MC",2017,35GSwxl4LYtOATVIXqmAPA,DETX91500644,Sampler 4,album,2017-07-18,198820,187 Strassenbande,16,1
Extasy,"187 Strassenbande, Bonez MC, Frauenarzt",2021,79lc69ZXfL4WmJIzVSDmWT,DECE72102343,Sampler 5,album,2021-05-13,174021,187 Strassenbande,11,1
Lass die Affen aus'm Zoo,"Haftbefehl, Bazzazian",2014,6QNgcN2uHhXJG4RWDPyQQF,DEUM71403690,Russisch Roulette (Deluxe),album,2014-11-28,207680,Haftbefehl,3,1
Tilidin,"Capital Bra, Samra",2019,0Dlcu2fgHklOnajVu2dUNU,DECE71900312,Berlin lebt 2,album,2019-10-03,172035,"Capital Bra, Samra",2,1
110,"Capital Bra, Samra, LEA",2019,67ojvEGRPAUCOohuMPqoRC,DECE71900628,Berlin lebt 2,album,2019-10-03,194534,"Capital Bra, Samra",10,1
Benzema,Capital Bra,2019,0gyO8zq1Hw5GTQ33EXcc40,DEFZ71800081,CB6,album,2019-04-12,159152,Capital Bra,1,1
Candy Shop,"50 Cent, Olivia",2005,5D2mYZuzcgjpchVY1pmTPh,USIR10500072,The Massacre,album,2005-03-03,209106,50 Cent,7,1
Was du Liebe nennst,Bausa,2018,2hIY4sjfMeKwXXh2LvhrMo,DEA621702378,Powerbausa,album,2018-02-09,203630,Bausa,5,1
Mary,Bausa,2019,2Jij6ebp6ToNKOn5DWlGxV,DEA621900221,Fieber,album,2019-06-21,158282,Bausa,5,1
LiEBE AUF DER RÜCKBANK,"FiNCH, Tream",2023,2FiJGvN3fiXMwms9IftNV0,DEUM72307174,DORFDiSKO ZWEi,album,2023-06-01,188520,FiNCH,15,1
EiSMANN,FiNCH,2023,45UBCVEHa86rK511WeEk65,DEUM72206997,DORFDiSKO ZWEi,album,2023-06-01,132748,FiNCH,2,1
Whatever,CRO,2013,3jtWarFX9mNJpamfDTeP5J,DEW921300229,Raop +5,album,2013-07-05,191486,CRO,14,1
Ein Teil,CRO,2012,7A8hHtHU5SaQ5xaySOTmrd,DEW921100153,Raop,album,2012-07-06,175480,CRO,13,1
Ausländer,Mehnersmoos,2026,7mxMmxugrnOMNLzjvGLyD4,DEZC62669980,Ausländer,single,2026-04-17,154857,Mehnersmoos,1,1
We Made You,Eminem,2009,4UMTp91LHhvW33ol9ZQH0Q,USUM70965164,Relapse: Refill,album,2009-05-15,269613,Eminem,9,1
Bleib in der Schule,Trailerpark,2014,6Ijlokq6LqzJd5Gfu1RH0Z,DEQ121426918,Crackstreet Boys 3 (Bonus Tracks Version),album,2014-12-05,265494,Trailerpark,2,1
Party Up,DMX,1999,0LWkaEyQRkF0XAms8Bg1fC,USDJ29905352,...And Then There Was X,album,1999-12-21,268866,DMX,7,1
Rave On,Blumentopf,1999,0sOjRB8NxCt1D8iq1emO2D,DEE869900787,Großes Kino,album,1999-08-02,113533,Blumentopf,20,1
Letzte Liebe,Prinz Pi,2017,7bYaYu0BpcZJKS7ytWYeZU,DEQ121749711,Nichts war umsonst,album,2017-11-03,214506,Prinz Pi,12,1
Haus am See,Peter Fox,2008,7A4KdLy1DXOOC5fhIdDuHz,DEA620800624,Stadtaffe,album,2008-09-26,216000,Peter Fox,3,1
All The Way Up (feat. Infared),"Fat Joe, Remy Ma, French Montana, InfaRed",2017,7Ezwtgfw7khBrpvaNPtMoT,USUYG1123858,Plata O Plomo,album,2017-02-17,191900,"Fat Joe, Remy Ma",4,1
Gut Genug (mit Blumengarten & Shirin David),"KITSCHKRIEG, Blumengarten, Shirin David",2026,1FsURdV1P2M3VCKdbTsZak,DEKF22600057,KITSCHKRIEG ZWEI,album,2026-06-05,188852,KITSCHKRIEG,13,1
